{
  "link_name": "weld_point",
  "mesh_path": "C:\\Users\\12049\\OneDrive\\Desktop\\科研相关\\博一春季\\免示教焊接轨迹规划\\相关资料\\CBF_grad_optim_on_trajPlanning\\DifferentiableOptimizationCBF-main\\assets\\robots\\9_axis\\meshes\\weld_point.STL",
  "n_near_surface": 250000,
  "n_uniform": 50000,
  "epochs": 3000,
  "final_loss": 0.003540818579494953,
  "training_seconds": 99.11734557151794,
  "center": [
    -6.947323494734603e-19,
    5.210492362557011e-19,
    -0.055000316351652145
  ],
  "scale": 0.03749968484044075,
  "aabb_min": [
    -0.6663882732391357,
    -0.6663882732391357,
    -1.2999999523162842
  ],
  "aabb_max": [
    0.6663882732391357,
    0.6663882732391357,
    1.2999999523162842
  ],
  "n_vertices": 5113,
  "n_faces": 10226,
  "n_train_points": 300000,
  "is_watertight": true
}