{
  "link_name": "link06",
  "mesh_path": "C:\\Users\\12049\\OneDrive\\Desktop\\科研相关\\博一春季\\免示教焊接轨迹规划\\相关资料\\CBF_grad_optim_on_trajPlanning\\DifferentiableOptimizationCBF-main\\assets\\robots\\9_axis\\meshes\\link06.STL",
  "n_near_surface": 250000,
  "n_uniform": 50000,
  "epochs": 3000,
  "final_loss": 0.002018190920352936,
  "training_seconds": 93.90984511375427,
  "center": [
    0.17584460973739624,
    -1.1868774890899658e-05,
    -0.006000004708766937
  ],
  "scale": 0.234842324629426,
  "aabb_min": [
    -1.2999999523162842,
    -0.5512322187423706,
    -0.5661360025405884
  ],
  "aabb_max": [
    1.2999999523162842,
    0.5512322187423706,
    0.5661360025405884
  ],
  "n_vertices": 4675,
  "n_faces": 9270,
  "n_train_points": 300000,
  "is_watertight": false
}