{
  "link_name": "link09",
  "mesh_path": "C:\\Users\\12049\\OneDrive\\Desktop\\科研相关\\博一春季\\免示教焊接轨迹规划\\相关资料\\CBF_grad_optim_on_trajPlanning\\DifferentiableOptimizationCBF-main\\assets\\robots\\9_axis\\meshes\\link09.STL",
  "n_near_surface": 250000,
  "n_uniform": 50000,
  "epochs": 3000,
  "final_loss": 0.00453151622787118,
  "training_seconds": 92.21188759803772,
  "center": [
    0.0,
    -0.0002500023692846298,
    -0.019500000402331352
  ],
  "scale": 0.04075000248849392,
  "aabb_min": [
    -1.2904704809188843,
    -1.2999999523162842,
    -0.7785276174545288
  ],
  "aabb_max": [
    1.2904704809188843,
    1.2999999523162842,
    0.7785276174545288
  ],
  "n_vertices": 2077,
  "n_faces": 4146,
  "n_train_points": 300000,
  "is_watertight": true
}