{
  "link_name": "link08",
  "mesh_path": "C:\\Users\\12049\\OneDrive\\Desktop\\科研相关\\博一春季\\免示教焊接轨迹规划\\相关资料\\CBF_grad_optim_on_trajPlanning\\DifferentiableOptimizationCBF-main\\assets\\robots\\9_axis\\meshes\\link08.STL",
  "n_near_surface": 250000,
  "n_uniform": 50000,
  "epochs": 3000,
  "final_loss": 0.0026605790480971336,
  "training_seconds": 93.29283428192139,
  "center": [
    0.0,
    -0.003534570336341858,
    -0.0016611311584711075
  ],
  "scale": 0.07153457403182983,
  "aabb_min": [
    -0.8892199993133545,
    -1.2999999523162842,
    -0.9128347039222717
  ],
  "aabb_max": [
    0.8892199993133545,
    1.2999999523162842,
    0.9128347039222717
  ],
  "n_vertices": 2378,
  "n_faces": 4748,
  "n_train_points": 300000,
  "is_watertight": true
}