{
  "link_name": "link04",
  "mesh_path": "C:\\Users\\12049\\OneDrive\\Desktop\\科研相关\\博一春季\\免示教焊接轨迹规划\\相关资料\\CBF_grad_optim_on_trajPlanning\\DifferentiableOptimizationCBF-main\\assets\\robots\\9_axis\\meshes\\link04.STL",
  "n_near_surface": 250000,
  "n_uniform": 50000,
  "epochs": 3000,
  "final_loss": 0.0038454048335552216,
  "training_seconds": 92.9877860546112,
  "center": [
    0.0,
    0.0007564369589090347,
    -0.0013263970613479614
  ],
  "scale": 0.07882358133792877,
  "aabb_min": [
    -1.092303991317749,
    -1.102343201637268,
    -1.2999999523162842
  ],
  "aabb_max": [
    1.092303991317749,
    1.102343201637268,
    1.2999999523162842
  ],
  "n_vertices": 2206,
  "n_faces": 4408,
  "n_train_points": 300000,
  "is_watertight": true
}