{
  "link_name": "link04",
  "mesh_path": "/root/autodl-tmp/DifferentiableOptimizationCBF-main/assets/robots/9_axis/meshes/link04.STL",
  "n_surface": 30000,
  "n_iterations": 10000,
  "iterations_run": 10000,
  "n_points": 15000,
  "grid_range": 1.1,
  "use_amp": false,
  "amp_dtype": "float16",
  "use_tf32": true,
  "optimizer": "adam",
  "weight_decay": 0.0,
  "sphere_init_params": [
    1.6,
    0.1
  ],
  "lr_schedule": "none",
  "lr_min_ratio": 0.3,
  "plateau_factor": 0.5,
  "plateau_patience": 300,
  "plateau_threshold": 0.0001,
  "early_stop_patience": 0,
  "early_stop_min_delta": 0.0,
  "early_stop_warmup": 1000,
  "restore_best": true,
  "stop_reason": "max_iterations",
  "best_loss": 7.274406433105469,
  "loss_weights": [
    2000.0,
    100.0,
    100.0,
    50.0,
    100.0
  ],
  "loss_type": "siren_wo_n_w_div",
  "final_loss": 13.962608337402344,
  "training_seconds": 413.2002809047699,
  "center": [
    0.0,
    0.0007564369589090347,
    -0.0013263970613479614
  ],
  "scale": 0.07882358133792877,
  "aabb_min": [
    -1.100000023841858,
    -1.100000023841858,
    -1.100000023841858
  ],
  "aabb_max": [
    1.100000023841858,
    1.100000023841858,
    1.100000023841858
  ],
  "n_vertices": 2206,
  "n_faces": 4408,
  "n_train_points": 30000,
  "is_watertight": true
}