{
  "link_name": "robobase",
  "mesh_path": "C:\\Users\\12049\\OneDrive\\Desktop\\科研相关\\博一春季\\免示教焊接轨迹规划\\相关资料\\CBF_grad_optim_on_trajPlanning\\DifferentiableOptimizationCBF-main\\assets\\robots\\9_axis\\meshes\\robobase.STL",
  "n_near_surface": 50000,
  "n_uniform": 10000,
  "epochs": 200,
  "final_loss": 1.7159308195114136,
  "training_seconds": 21.564844608306885,
  "center": [
    0.023783020675182343,
    -0.00029472634196281433,
    0.019999999552965164
  ],
  "scale": 0.10578302294015884,
  "aabb_min": [
    -1.2999999523162842,
    -1.0461559295654297,
    -0.4890662431716919
  ],
  "aabb_max": [
    1.2999999523162842,
    1.0461559295654297,
    0.4890662431716919
  ],
  "n_vertices": 7827,
  "n_faces": 15400,
  "n_train_points": 60000,
  "is_watertight": false
}