{
  "align_mode": "known",
  "kind": "o3d_sdf",
  "n_points": 3600,
  "identity": {
    "mean": 0.14257483534870619,
    "p95": 0.3479994833469391,
    "max": 0.3828747868537903
  },
  "known": {
    "mean": 0.0015058360031570339,
    "p95": 0.004016189347021281,
    "max": 0.010022608563303947
  },
  "optimized": {
    "mean": 0.0015058360031570339,
    "p95": 0.004016189347021281,
    "max": 0.010022608563303947
  },
  "known_transform_pybullet_to_sdf": {
    "translation": [
      3.0,
      -5.0,
      -0.1
    ],
    "rotvec": [
      0.0,
      0.0,
      0.0
    ]
  },
  "transform_pybullet_to_sdf": {
    "translation": [
      3.0,
      -5.0,
      -0.1
    ],
    "rotvec": [
      0.0,
      0.0,
      0.0
    ]
  },
  "optimizer": {
    "success": true,
    "message": "skipped (known mode)",
    "nit": -1,
    "fun": 0.0023764837758323883
  }
}