{
  "align_mode": "known",
  "kind": "o3d_sdf",
  "n_points": 3600,
  "identity": {
    "mean": 0.14273613828069454,
    "p95": 0.3479994833469391,
    "max": 0.4078042507171631
  },
  "known": {
    "mean": 0.0015235784759686163,
    "p95": 0.004001068067736924,
    "max": 0.008391423150897026
  },
  "optimized": {
    "mean": 0.0015235784759686163,
    "p95": 0.004001068067736924,
    "max": 0.008391423150897026
  },
  "known_transform_pybullet_to_sdf": {
    "translation": [
      3.0,
      -5.0,
      -0.1
    ],
    "rotvec": [
      0.0,
      0.0,
      0.0
    ]
  },
  "transform_pybullet_to_sdf": {
    "translation": [
      3.0,
      -5.0,
      -0.1
    ],
    "rotvec": [
      0.0,
      0.0,
      0.0
    ]
  },
  "optimizer": {
    "success": true,
    "message": "skipped (known mode)",
    "nit": -1,
    "fun": 0.002380919394035284
  }
}