{
  "align_mode": "known",
  "kind": "o3d_sdf",
  "n_points": 3600,
  "identity": {
    "mean": 0.1422726596933717,
    "p95": 0.3479994833469391,
    "max": 0.40040162205696106
  },
  "known": {
    "mean": 0.0015397249084513134,
    "p95": 0.004001255915500224,
    "max": 0.00869511254131794
  },
  "optimized": {
    "mean": 0.0015397249084513134,
    "p95": 0.004001255915500224,
    "max": 0.00869511254131794
  },
  "known_transform_pybullet_to_sdf": {
    "translation": [
      3.0,
      -5.0,
      -0.1
    ],
    "rotvec": [
      0.0,
      0.0,
      0.0
    ]
  },
  "transform_pybullet_to_sdf": {
    "translation": [
      3.0,
      -5.0,
      -0.1
    ],
    "rotvec": [
      0.0,
      0.0,
      0.0
    ]
  },
  "optimizer": {
    "success": true,
    "message": "skipped (known mode)",
    "nit": -1,
    "fun": 0.0023849560021559583
  }
}