{
  "align_mode": "known",
  "kind": "o3d_sdf",
  "n_points": 3600,
  "identity": {
    "mean": 0.14277869346196995,
    "p95": 0.3479994833469391,
    "max": 0.3889070153236389
  },
  "known": {
    "mean": 0.0015009086489895255,
    "p95": 0.003999948501586914,
    "max": 0.008467226289212704
  },
  "optimized": {
    "mean": 0.0015009086489895255,
    "p95": 0.003999948501586914,
    "max": 0.008467226289212704
  },
  "known_transform_pybullet_to_sdf": {
    "translation": [
      3.0,
      -5.0,
      -0.1
    ],
    "rotvec": [
      0.0,
      0.0,
      0.0
    ]
  },
  "transform_pybullet_to_sdf": {
    "translation": [
      3.0,
      -5.0,
      -0.1
    ],
    "rotvec": [
      0.0,
      0.0,
      0.0
    ]
  },
  "optimizer": {
    "success": true,
    "message": "skipped (known mode)",
    "nit": -1,
    "fun": 0.0023752519372905114
  }
}