{
  "align_mode": "known",
  "kind": "o3d_sdf",
  "n_points": 1216,
  "identity": {
    "mean": 0.07793496420766276,
    "p95": 0.24242964386940002,
    "max": 0.4805201292037964
  },
  "known": {
    "mean": 0.003742026117140803,
    "p95": 0.00786753953434527,
    "max": 0.011033567599952221
  },
  "optimized": {
    "mean": 0.003742026117140803,
    "p95": 0.00786753953434527,
    "max": 0.011033567599952221
  },
  "known_transform_pybullet_to_sdf": {
    "translation": [
      3.0,
      -5.0,
      -0.1
    ],
    "rotvec": [
      0.0,
      0.0,
      0.0
    ]
  },
  "transform_pybullet_to_sdf": {
    "translation": [
      3.0,
      -5.0,
      -0.1
    ],
    "rotvec": [
      0.0,
      0.0,
      0.0
    ]
  },
  "optimizer": {
    "success": true,
    "message": "skipped (known mode)",
    "nit": -1,
    "fun": 0.004530157998314687
  }
}