{
  "input_dim": 6,
  "hidden_dims": [
    256,
    256,
    128
  ],
  "joint_lower": [
    -6.283199787139893,
    -6.283199787139893,
    -6.283199787139893,
    -6.283199787139893,
    -6.283199787139893,
    -6.283199787139893
  ],
  "joint_upper": [
    6.283199787139893,
    6.283199787139893,
    6.283199787139893,
    6.283199787139893,
    6.283199787139893,
    6.283199787139893
  ],
  "distance_clamp": 0.1,
  "best_val_mse": 3.730151001946069e-05,
  "epochs": 200
}