{
  "kind": "o3d_sdf",
  "weld_start_point": [
    0.23199999332427979,
    8.195600509643555,
    0.7000000476837158
  ],
  "weld_goal_point": [
    2.859999895095825,
    8.195600509643555,
    0.699999988079071
  ],
  "sampled_weld_points": [
    [
      0.23199999332427979,
      8.195600509643555,
      0.7000000476837158
    ],
    [
      0.560499981045723,
      8.195600509643555,
      0.7000000402331352
    ],
    [
      0.8889999687671661,
      8.195600509643555,
      0.7000000327825546
    ],
    [
      1.2174999564886093,
      8.195600509643555,
      0.700000025331974
    ],
    [
      1.5459999442100525,
      8.195600509643555,
      0.7000000178813934
    ],
    [
      1.8744999319314957,
      8.195600509643555,
      0.7000000104308128
    ],
    [
      2.202999919652939,
      8.195600509643555,
      0.7000000029802322
    ],
    [
      2.531499907374382,
      8.195600509643555,
      0.6999999955296516
    ],
    [
      2.859999895095825,
      8.195600509643555,
      0.699999988079071
    ]
  ],
  "sampled_weld_points_sdf": [
    [
      3.23199999332428,
      3.1956005096435547,
      0.6000000476837158
    ],
    [
      3.560499981045723,
      3.1956005096435547,
      0.6000000402331352
    ],
    [
      3.888999968767166,
      3.1956005096435547,
      0.6000000327825546
    ],
    [
      4.217499956488609,
      3.1956005096435547,
      0.600000025331974
    ],
    [
      4.5459999442100525,
      3.1956005096435547,
      0.6000000178813935
    ],
    [
      4.874499931931496,
      3.1956005096435547,
      0.6000000104308129
    ],
    [
      5.202999919652939,
      3.1956005096435547,
      0.6000000029802323
    ],
    [
      5.531499907374382,
      3.1956005096435547,
      0.5999999955296517
    ],
    [
      5.859999895095825,
      3.1956005096435547,
      0.5999999880790711
    ]
  ],
  "sampled_sdf_values": [
    -0.004400158766657114,
    -0.004400372970849276,
    -0.004400372970849276,
    -0.004400372970849276,
    -0.004400372970849276,
    -0.004400372970849276,
    -0.004400372970849276,
    -0.004400372970849276,
    -0.00440026493743062
  ],
  "sampled_gradients_sdf": [
    [
      -1.1921656550839543e-05,
      -0.3600006401538849,
      0.3000001907348633
    ],
    [
      0.0,
      -0.36002209782600403,
      0.3000001907348633
    ],
    [
      0.0,
      -0.36002206802368164,
      0.3000001609325409
    ],
    [
      -5.238356415304679e-09,
      -0.36002209782600403,
      0.3000001907348633
    ],
    [
      0.0,
      -0.36002206802368164,
      0.3000001907348633
    ],
    [
      0.0,
      -0.36002206802368164,
      0.3000001609325409
    ],
    [
      0.0,
      -0.36002206802368164,
      0.3000001907348633
    ],
    [
      0.0,
      -0.3600221276283264,
      0.3000001907348633
    ],
    [
      1.1921656550839543e-05,
      -0.36000901460647583,
      0.3000001907348633
    ]
  ],
  "surface_normals_sdf": [
    [
      -2.5440161805185807e-05,
      -0.7682216390339098,
      0.6401839678349117
    ],
    [
      0.0,
      -0.7682404044541374,
      0.6401614491393116
    ],
    [
      0.0,
      -0.7682404096683102,
      0.640161442881924
    ],
    [
      -1.1177972339668755e-08,
      -0.7682404044541373,
      0.6401614491393115
    ],
    [
      0.0,
      -0.7682403783927723,
      0.6401614804148482
    ],
    [
      0.0,
      -0.7682404096683102,
      0.640161442881924
    ],
    [
      0.0,
      -0.7682403783927723,
      0.6401614804148482
    ],
    [
      0.0,
      -0.7682404305154987,
      0.6401614178637769
    ],
    [
      2.543981255052976e-05,
      -0.7682289628990121,
      0.6401751790845411
    ]
  ],
  "surface_normals_pb": [
    [
      -2.5440161805185807e-05,
      -0.7682216390339098,
      0.6401839678349117
    ],
    [
      0.0,
      -0.7682404044541374,
      0.6401614491393116
    ],
    [
      0.0,
      -0.7682404096683102,
      0.640161442881924
    ],
    [
      -1.1177972339668757e-08,
      -0.7682404044541374,
      0.6401614491393116
    ],
    [
      0.0,
      -0.7682403783927723,
      0.6401614804148482
    ],
    [
      0.0,
      -0.7682404096683102,
      0.640161442881924
    ],
    [
      0.0,
      -0.7682403783927723,
      0.6401614804148482
    ],
    [
      0.0,
      -0.7682404305154987,
      0.6401614178637769
    ],
    [
      2.543981255052976e-05,
      -0.7682289628990121,
      0.6401751790845411
    ]
  ],
  "total_feasible": 13866,
  "n_components": 4,
  "components_summary": [
    {
      "component_id": 3,
      "voxel_count": 13866,
      "representative_sdf": [
        4.389999768361449,
        0.5655999397858977,
        1.4379999190568924
      ],
      "representative_pb": [
        1.3899997683614487,
        5.565599939785898,
        1.5379999190568925
      ],
      "representative_ijk": [
        219,
        28,
        72
      ],
      "centroid_sdf": [
        4.427880915647345,
        0.5990501049115876,
        1.4565575416047396
      ],
      "bbox_min_sdf": [
        4.349999769255518,
        0.005599952302873135,
        1.1179999262094498
      ],
      "bbox_max_sdf": [
        4.7299997607618565,
        2.04559990670532,
        1.7979999110102654
      ],
      "bbox_min_pb": [
        1.3499997692555183,
        5.005599952302873,
        1.2179999262094499
      ],
      "bbox_max_pb": [
        1.7299997607618565,
        7.04559990670532,
        1.8979999110102654
      ],
      "clearance_min": 1.1054219007492065,
      "clearance_mean": 1.1423407936017096,
      "clearance_max": 1.275429129600525,
      "votes": 9,
      "total_occlusion_length": 0.2787818246190786,
      "mean_rep_distance_to_seam": 2.760280207857847,
      "same_side_positive_ratio": 1.0,
      "same_side_mean_dot": 0.8863023088513833,
      "same_side_pass": true,
      "same_side_positive_mask": [
        1,
        1,
        1,
        1,
        1,
        1,
        1,
        1,
        1
      ],
      "same_side_dots": [
        0.8541843810774998,
        0.8871370464750366,
        0.9114378260750167,
        0.9245255326169074,
        0.9248532596651532,
        0.912380844342604,
        0.8885876414629997,
        0.8560187233647562,
        0.8175955245824756
      ],
      "mean_vote_distance": 2.8895112818579434,
      "mean_total_cost": 0.030975758291008737
    },
    {
      "component_id": 1,
      "voxel_count": 13866,
      "representative_sdf": [
        1.749999827370047,
        0.5655999397858977,
        1.4379999190568924
      ],
      "representative_pb": [
        -1.250000172629953,
        5.565599939785898,
        1.5379999190568925
      ],
      "representative_ijk": [
        87,
        28,
        72
      ],
      "centroid_sdf": [
        1.7878809746557924,
        0.5990501049115876,
        1.4565575416047396
      ],
      "bbox_min_sdf": [
        1.7099998282641167,
        0.005599952302873135,
        1.1179999262094498
      ],
      "bbox_max_sdf": [
        2.089999819770455,
        2.04559990670532,
        1.7979999110102654
      ],
      "bbox_min_pb": [
        -1.2900001717358833,
        5.005599952302873,
        1.2179999262094499
      ],
      "bbox_max_pb": [
        -0.9100001802295452,
        7.04559990670532,
        1.8979999110102654
      ],
      "clearance_min": 1.105421543121338,
      "clearance_mean": 1.1423406266777543,
      "clearance_max": 1.2754287719726562,
      "votes": 0,
      "total_occlusion_length": 0.0,
      "mean_rep_distance_to_seam": 3.132965252562089,
      "same_side_positive_ratio": 1.0,
      "same_side_mean_dot": 0.6576238322067014,
      "same_side_pass": true,
      "same_side_positive_mask": [
        1,
        1,
        1,
        1,
        1,
        1,
        1,
        1,
        1
      ],