{
  "kind": "o3d_sdf",
  "weld_start_point": [
    0.23199999332427979,
    8.195600509643555,
    0.7000000476837158
  ],
  "weld_goal_point": [
    2.859999895095825,
    8.195600509643555,
    0.699999988079071
  ],
  "sampled_weld_points": [
    [
      0.23199999332427979,
      8.195600509643555,
      0.7000000476837158
    ],
    [
      0.560499981045723,
      8.195600509643555,
      0.7000000402331352
    ],
    [
      0.8889999687671661,
      8.195600509643555,
      0.7000000327825546
    ],
    [
      1.2174999564886093,
      8.195600509643555,
      0.700000025331974
    ],
    [
      1.5459999442100525,
      8.195600509643555,
      0.7000000178813934
    ],
    [
      1.8744999319314957,
      8.195600509643555,
      0.7000000104308128
    ],
    [
      2.202999919652939,
      8.195600509643555,
      0.7000000029802322
    ],
    [
      2.531499907374382,
      8.195600509643555,
      0.6999999955296516
    ],
    [
      2.859999895095825,
      8.195600509643555,
      0.699999988079071
    ]
  ],
  "sampled_weld_points_sdf": [
    [
      3.23199999332428,
      3.1956005096435547,
      0.6000000476837158
    ],
    [
      3.560499981045723,
      3.1956005096435547,
      0.6000000402331352
    ],
    [
      3.888999968767166,
      3.1956005096435547,
      0.6000000327825546
    ],
    [
      4.217499956488609,
      3.1956005096435547,
      0.600000025331974
    ],
    [
      4.5459999442100525,
      3.1956005096435547,
      0.6000000178813935
    ],
    [
      4.874499931931496,
      3.1956005096435547,
      0.6000000104308129
    ],
    [
      5.202999919652939,
      3.1956005096435547,
      0.6000000029802323
    ],
    [
      5.531499907374382,
      3.1956005096435547,
      0.5999999955296517
    ],
    [
      5.859999895095825,
      3.1956005096435547,
      0.5999999880790711
    ]
  ],
  "sampled_sdf_values": [
    -0.004400158300995827,
    -0.004400372970849276,
    -0.004400372970849276,
    -0.004400372970849276,
    -0.004400372970849276,
    -0.004400372970849276,
    -0.004400372970849276,
    -0.004400372970849276,
    -0.00440026493743062
  ],
  "surface_normals_sdf": [
    [
      -2.533828960364537e-05,
      -0.7682396759675526,
      0.6401623228738479
    ],
    [
      0.0,
      -0.768258406840159,
      0.6401398443460777
    ],
    [
      0.0,
      -0.768258406840159,
      0.6401398443460777
    ],
    [
      0.0,
      -0.7682613998670093,
      0.6401362522732041
    ],
    [
      0.0,
      -0.7682583457580463,
      0.6401399176532503
    ],
    [
      0.0,
      -0.7682583457580463,
      0.6401399176532503
    ],
    [
      0.0,
      -0.7682583457580463,
      0.6401399176532503
    ],
    [
      0.0,
      -0.7682583457580463,
      0.6401399176532503
    ],
    [
      2.558634815754453e-05,
      -0.7682469953882815,
      0.6401535389437573
    ]
  ],
  "surface_normals_pb": [
    [
      -2.5338289603645373e-05,
      -0.7682396759675527,
      0.640162322873848
    ],
    [
      0.0,
      -0.768258406840159,
      0.6401398443460777
    ],
    [
      0.0,
      -0.768258406840159,
      0.6401398443460777
    ],
    [
      0.0,
      -0.7682613998670094,
      0.6401362522732043
    ],
    [
      0.0,
      -0.7682583457580464,
      0.6401399176532504
    ],
    [
      0.0,
      -0.7682583457580464,
      0.6401399176532504
    ],
    [
      0.0,
      -0.7682583457580464,
      0.6401399176532504
    ],
    [
      0.0,
      -0.7682583457580464,
      0.6401399176532504
    ],
    [
      2.5586348157544534e-05,
      -0.7682469953882816,
      0.6401535389437574
    ]
  ],
  "total_feasible": 3580,
  "n_components": 4,
  "components_summary": [
    {
      "component_id": 4,
      "voxel_count": 3580,
      "representative_sdf": [
        4.349999769255518,
        4.705599847249687,
        1.4779999181628227
      ],
      "representative_pb": [
        1.3499997692555183,
        9.705599847249687,
        1.5779999181628228
      ],
      "representative_ijk": [
        217,
        235,
        74
      ],
      "centroid_sdf": [
        4.376994182060169,
        4.705588674065579,
        1.481927292376715
      ],
      "bbox_min_sdf": [
        4.349999769255518,
        4.325599855743349,
        1.1979999244213104
      ],
      "bbox_max_sdf": [
        4.50999976567924,
        5.245599835179746,
        1.7979999110102654
      ],
      "bbox_min_pb": [
        1.3499997692555183,
        9.325599855743349,
        1.2979999244213105
      ],
      "bbox_max_pb": [
        1.5099997656792397,
        10.245599835179746,
        1.8979999110102654
      ],
      "clearance_min": 1.1056032180786133,
      "clearance_mean": 1.1221898443206062,
      "clearance_max": 1.167973518371582,
      "votes": 8,
      "total_occlusion_length": 0.17903394936491027,
      "mean_rep_distance_to_seam": 1.7467059903312374,
      "mean_vote_distance": 1.9468841770269831,
      "mean_total_cost": 0.0221112307206152
    },
    {
      "component_id": 3,
      "voxel_count": 13832,
      "representative_sdf": [
        4.389999768361449,
        0.5655999397858977,
        1.4379999190568924
      ],
      "representative_pb": [
        1.3899997683614487,
        5.565599939785898,
        1.5379999190568925
      ],
      "representative_ijk": [
        219,
        28,
        72
      ],
      "centroid_sdf": [
        4.427867031830166,
        0.5980261970136881,
        1.456564117600886
      ],
      "bbox_min_sdf": [
        4.349999769255518,
        0.005599952302873135,
        1.1179999262094498
      ],
      "bbox_max_sdf": [
        4.7299997607618565,
        2.04559990670532,
        1.7979999110102654
      ],
      "bbox_min_pb": [
        1.3499997692555183,
        5.005599952302873,
        1.2179999262094499
      ],
      "bbox_max_pb": [
        1.7299997607618565,
        7.04559990670532,
        1.8979999110102654
      ],
      "clearance_min": 1.1055941581726074,
      "clearance_mean": 1.1424313367636925,
      "clearance_max": 1.275429129600525,
      "votes": 1,
      "total_occlusion_length": 0.01987740869753285,
      "mean_rep_distance_to_seam": 2.760280207857847,
      "mean_vote_distance": 2.8822242611422633,
      "mean_total_cost": 0.030975758291008737
    },
    {
      "component_id": 1,
      "voxel_count": 13832,
      "representative_sdf": [
        1.749999827370047,
        0.5655999397858977,
        1.4379999190568924
      ],
      "representative_pb": [
        -1.250000172629953,
        5.565599939785898,
        1.5379999190568925
      ],
      "representative_ijk": [
        87,
        28,
        72
      ],
      "centroid_sdf": [
        1.7878670908386132,
        0.5980261970136881,
        1.456564117600886
      ],
      "bbox_min_sdf": [
        1.7099998282641167,
        0.005599952302873135,
        1.1179999262094498
      ],
      "bbox_max_sdf": [
        2.089999819770455,
        2.04559990670532,
        1.7979999110102654
      ],
      "bbox_min_pb": [
        -1.2900001717358833,
        5.005599952302873,
        1.2179999262094499
      ],
      "bbox_max_pb": [
        -0.9100001802295452,
        7.04559990670532,
        1.8979999110102654
      ],
      "clearance_min": 1.1055938005447388,
      "clearance_mean": 1.1424311699379104,
      "clearance_max": 1.2754287719726562,
      "votes": 0,
      "total_occlusion_length": 0.0,
      "mean_rep_distance_to_seam": 3.132965252562089,
      "mean_vote_distance": 0.0,
      "mean_total_cost": 0.12844971446888823
    },
    {
      "component_id": 2,
      "voxel_count": 3580,
      "representative_sdf": [
        1.7099998282641167,
        4.705599847249687,
        1.4779999181628227
      ],
      "representative_pb": [
        -1.2900001717358833,
        9.705599847249687,
        1.5779999181628228
      ],
      "representative_ijk": [
        85,
        235,
        74
      ],