{
  "kind": "o3d_sdf",
  "weld_start_point": [
    0.23199999332427979,
    8.195600509643555,
    0.7000000476837158
  ],
  "weld_goal_point": [
    2.859999895095825,
    8.195600509643555,
    0.699999988079071
  ],
  "sampled_weld_points": [
    [
      0.23199999332427979,
      8.195600509643555,
      0.7000000476837158
    ],
    [
      0.560499981045723,
      8.195600509643555,
      0.7000000402331352
    ],
    [
      0.8889999687671661,
      8.195600509643555,
      0.7000000327825546
    ],
    [
      1.2174999564886093,
      8.195600509643555,
      0.700000025331974
    ],
    [
      1.5459999442100525,
      8.195600509643555,
      0.7000000178813934
    ],
    [
      1.8744999319314957,
      8.195600509643555,
      0.7000000104308128
    ],
    [
      2.202999919652939,
      8.195600509643555,
      0.7000000029802322
    ],
    [
      2.531499907374382,
      8.195600509643555,
      0.6999999955296516
    ],
    [
      2.859999895095825,
      8.195600509643555,
      0.699999988079071
    ]
  ],
  "sampled_weld_points_sdf": [
    [
      3.23199999332428,
      3.1956005096435547,
      0.6000000476837158
    ],
    [
      3.560499981045723,
      3.1956005096435547,
      0.6000000402331352
    ],
    [
      3.888999968767166,
      3.1956005096435547,
      0.6000000327825546
    ],
    [
      4.217499956488609,
      3.1956005096435547,
      0.600000025331974
    ],
    [
      4.5459999442100525,
      3.1956005096435547,
      0.6000000178813935
    ],
    [
      4.874499931931496,
      3.1956005096435547,
      0.6000000104308129
    ],
    [
      5.202999919652939,
      3.1956005096435547,
      0.6000000029802323
    ],
    [
      5.531499907374382,
      3.1956005096435547,
      0.5999999955296517
    ],
    [
      5.859999895095825,
      3.1956005096435547,
      0.5999999880790711
    ]
  ],
  "sampled_sdf_values": [
    -0.004400158766657114,
    -0.004400372970849276,
    -0.004400372970849276,
    -0.004400372970849276,
    -0.004400372970849276,
    -0.004400372970849276,
    -0.004400372970849276,
    -0.004400372970849276,
    -0.00440026493743062
  ],
  "sampled_gradients_sdf": [
    [
      -1.1921656550839543e-05,
      -0.3600006401538849,
      0.3000001907348633
    ],
    [
      0.0,
      -0.36002209782600403,
      0.3000001907348633
    ],
    [
      0.0,
      -0.36002206802368164,
      0.3000001609325409
    ],
    [
      -5.238356415304679e-09,
      -0.36002209782600403,
      0.3000001907348633
    ],
    [
      0.0,
      -0.36002206802368164,
      0.3000001907348633
    ],
    [
      0.0,
      -0.36002206802368164,
      0.3000001609325409
    ],
    [
      0.0,
      -0.36002206802368164,
      0.3000001907348633
    ],
    [
      0.0,
      -0.3600221276283264,
      0.3000001907348633
    ],
    [
      1.1921656550839543e-05,
      -0.36000901460647583,
      0.3000001907348633
    ]
  ],
  "surface_normals_sdf": [
    [
      -2.5440161805185807e-05,
      -0.7682216390339098,
      0.6401839678349117
    ],
    [
      0.0,
      -0.7682404044541374,
      0.6401614491393116
    ],
    [
      0.0,
      -0.7682404096683102,
      0.640161442881924
    ],
    [
      -1.1177972339668755e-08,
      -0.7682404044541373,
      0.6401614491393115
    ],
    [
      0.0,
      -0.7682403783927723,
      0.6401614804148482
    ],
    [
      0.0,
      -0.7682404096683102,
      0.640161442881924
    ],
    [
      0.0,
      -0.7682403783927723,
      0.6401614804148482
    ],
    [
      0.0,
      -0.7682404305154987,
      0.6401614178637769
    ],
    [
      2.543981255052976e-05,
      -0.7682289628990121,
      0.6401751790845411
    ]
  ],
  "surface_normals_pb": [
    [
      -2.5440161805185807e-05,
      -0.7682216390339098,
      0.6401839678349117
    ],
    [
      0.0,
      -0.7682404044541374,
      0.6401614491393116
    ],
    [
      0.0,
      -0.7682404096683102,
      0.640161442881924
    ],
    [
      -1.1177972339668757e-08,
      -0.7682404044541374,
      0.6401614491393116
    ],
    [
      0.0,
      -0.7682403783927723,
      0.6401614804148482
    ],
    [
      0.0,
      -0.7682404096683102,
      0.640161442881924
    ],
    [
      0.0,
      -0.7682403783927723,
      0.6401614804148482
    ],
    [
      0.0,
      -0.7682404305154987,
      0.6401614178637769
    ],
    [
      2.543981255052976e-05,
      -0.7682289628990121,
      0.6401751790845411
    ]
  ],
  "total_feasible": 98361,
  "n_components": 4,
  "components_summary": [
    {
      "component_id": 3,
      "voxel_count": 98361,
      "representative_sdf": [
        4.409999767914414,
        0.965599930845201,
        1.397999919950962
      ],
      "representative_pb": [
        1.4099997679144138,
        5.965599930845201,
        1.4979999199509622
      ],
      "representative_ijk": [
        220,
        48,
        70
      ],
      "centroid_sdf": [
        4.410255560337351,
        0.9735825660608847,
        1.4001564656881826
      ],
      "bbox_min_sdf": [
        4.169999773278832,
        0.005599952302873135,
        0.9379999302327633
      ],
      "bbox_max_sdf": [
        4.909999756738543,
        2.2255999026820064,
        1.7979999110102654
      ],
      "bbox_min_pb": [
        1.1699997732788319,
        5.005599952302873,
        1.0379999302327634
      ],
      "bbox_max_pb": [
        1.909999756738543,
        7.225599902682006,
        1.8979999110102654
      ],
      "clearance_min": 0.93782639503479,
      "clearance_mean": 1.030138674318373,
      "clearance_max": 1.275429129600525,
      "votes": 9,
      "total_occlusion_length": 0.17940266024161503,
      "mean_rep_distance_to_seam": 2.368481880914664,
      "same_side_positive_ratio": 1.0,
      "same_side_mean_dot": 0.886274612899878,
      "same_side_pass": true,
      "same_side_positive_mask": [
        1,
        1,
        1,
        1,
        1,
        1,
        1,
        1,
        1
      ],
      "same_side_dots": [
        0.840738960853911,
        0.8838760133311132,
        0.9170831252214853,
        0.935922658410588,
        0.9374645727938185,
        0.9214554909504845,
        0.8904257168703771,
        0.8486749471735195,
        0.8008300304936042
      ],
      "mean_vote_distance": 2.5160268340696716,
      "mean_total_cost": 0.019933628915735007
    },
    {
      "component_id": 2,
      "voxel_count": 98361,
      "representative_sdf": [
        1.7699998269230122,
        0.965599930845201,
        1.397999919950962
      ],
      "representative_pb": [
        -1.2300001730769878,
        5.965599930845201,
        1.4979999199509622
      ],
      "representative_ijk": [
        88,
        48,
        70
      ],
      "centroid_sdf": [
        1.7702556193527075,
        0.9735825660608847,
        1.4001564656881826
      ],
      "bbox_min_sdf": [
        1.5299998322874302,
        0.005599952302873135,
        0.9379999302327633
      ],
      "bbox_max_sdf": [
        2.2699998157471413,
        2.2255999026820064,
        1.7979999110102654
      ],
      "bbox_min_pb": [
        -1.4700001677125698,
        5.005599952302873,
        1.0379999302327634
      ],
      "bbox_max_pb": [
        -0.7300001842528587,
        7.225599902682006,
        1.8979999110102654
      ],
      "clearance_min": 0.9378260970115662,
      "clearance_mean": 1.0301384769281696,
      "clearance_max": 1.2754287719726562,
      "votes": 0,
      "total_occlusion_length": 0.0,
      "mean_rep_distance_to_seam": 2.783370414468198,
      "same_side_positive_ratio": 1.0,
      "same_side_mean_dot": 0.6204512650107257,
      "same_side_pass": true,
      "same_side_positive_mask": [
        1,
        1,
        1,
        1,
        1,
        1,
        1,
        1,
        1
      ],