{
  "method": "rrt*",
  "kind": "o3d_sdf",
  "n_waypoints": 115,
  "min_sdf_on_waypoints": 0.30590924620628357,
  "start_used": [
    1.9919999837875366,
    4.285999774932861,
    2.3119001388549805
  ],
  "goal_used": [
    1.3399999630610147,
    9.328933148644865,
    1.3080000567560395
  ],
  "via_point": null,
  "path": [
    [
      1.9919999837875366,
      4.285999774932861,
      2.3119001388549805
    ],
    [
      1.9919999837875366,
      4.285999774932861,
      2.3119001388549805
    ],
    [
      1.9931606763114402,
      4.335709312690762,
      2.3105070677149984
    ],
    [
      1.9943213688353438,
      4.385418850448663,
      2.3091139965750163
    ],
    [
      1.9954820613592474,
      4.4351283882065635,
      2.3077209254350337
    ],
    [
      1.996642753883151,
      4.484837925964464,
      2.3063278542950516
    ],
    [
      1.9978034464070538,
      4.534547463722365,
      2.3049347831550695
    ],
    [
      1.9989641389309574,
      4.584257001480266,
      2.3035417120150874
    ],
    [
      2.000124831454861,
      4.633966539238166,
      2.3021486408751053
    ],
    [
      2.0012855239787646,
      4.6836760769960675,
      2.300755569735123
    ],
    [
      2.002446216502668,
      4.733385614753968,
      2.2993624985951406
    ],
    [
      2.003606909026572,
      4.783095152511868,
      2.2979694274551585
    ],
    [
      2.0047676015504754,
      4.83280469026977,
      2.2965763563151764
    ],
    [
      2.005928294074379,
      4.88251422802767,
      2.2951832851751943
    ],
    [
      2.0070889865982826,
      4.9322237657855705,
      2.293790214035212
    ],
    [
      2.0082496791221853,
      4.981933303543472,
      2.29239714289523
    ],
    [
      2.009410371646089,
      5.031642841301372,
      2.2910040717552476
    ],
    [
      2.0105710641699925,
      5.081352379059274,
      2.2896110006152655
    ],
    [
      2.011731756693896,
      5.131061916817174,
      2.2882179294752834
    ],
    [
      2.0128924492177998,
      5.1807714545750745,
      2.2868248583353012
    ],
    [
      2.0140531417417034,
      5.230480992332975,
      2.285431787195319
    ],
    [
      2.015213834265607,
      5.280190530090876,
      2.2840387160553366
    ],
    [
      2.0163745267895106,
      5.329900067848777,
      2.2826456449153545
    ],
    [
      2.017535219313414,
      5.379609605606678,
      2.2812525737753724
    ],
    [
      2.018695911837318,
      5.429319143364578,
      2.2798595026353903
    ],
    [
      2.0198566043612205,
      5.479028681122479,
      2.278466431495408
    ],
    [
      2.021017296885124,
      5.528738218880379,
      2.277073360355426
    ],
    [
      2.0221779894090277,
      5.578447756638281,
      2.2756802892154435
    ],
    [
      2.0233386819329313,
      5.628157294396181,
      2.2742872180754614
    ],
    [
      2.024499374456835,
      5.677866832154082,
      2.2728941469354793
    ],
    [
      2.0256600669807385,
      5.727576369911983,
      2.271501075795497
    ],
    [
      2.026820759504642,
      5.777285907669883,
      2.270108004655515
    ],
    [
      2.0279814520285457,
      5.826995445427784,
      2.268714933515533
    ],
    [
      2.0291421445524493,
      5.876704983185685,
      2.2673218623755504
    ],
    [
      2.030302837076352,
      5.9264145209435855,
      2.2659287912355683
    ],
    [
      2.0314635296002557,
      5.976124058701487,
      2.2645357200955862
    ],
    [
      2.0326242221241593,
      6.025833596459387,
      2.263142648955604
    ],
    [
      2.033784914648063,
      6.075543134217288,
      2.261749577815622
    ],
    [
      2.0349456071719665,
      6.125252671975188,
      2.2603565066756395
    ],
    [
      2.03610629969587,
      6.174962209733089,
      2.2589634355356574
    ],
    [
      2.0372669922197737,
      6.22467174749099,
      2.2575703643956753
    ],
    [
      2.0384276847436773,
      6.274381285248891,
      2.256177293255693
    ],
    [
      2.039588377267581,
      6.324090823006792,
      2.254784222115711
    ],
    [
      2.0407490697914836,
      6.373800360764692,
      2.253391150975729
    ],
    [
      2.0419097623153872,
      6.4235098985225925,
      2.2519980798357464
    ],
    [
      2.043070454839291,
      6.473219436280494,
      2.2506050086957643
    ],
    [
      2.0442311473631944,
      6.522928974038394,
      2.249211937555782
    ],
    [
      2.045391839887098,
      6.5726385117962955,
      2.2478188664158
    ],
    [
      2.0465525324110017,
      6.622348049554196,
      2.246425795275818
    ],
    [
      2.0477132249349053,
      6.672057587312096,
      2.245032724135836
    ],
    [
      2.048873917458809,
      6.721767125069997,
      2.2436396529958533
    ],
    [
      2.0500346099827125,
      6.771476662827898,
      2.2422465818558712
    ],
    [
      2.051195302506615,
      6.821186200585799,
      2.240853510715889
    ],
    [
      2.052355995030519,
      6.8708957383437,
      2.239460439575907
    ],
    [
      2.0535166875544224,
      6.9206052761016,
      2.238067368435925
    ],
    [
      2.054677380078326,
      6.970314813859501,
      2.236674297295943
    ],
    [
      2.0558380726022296,
      7.020024351617401,
      2.2352812261559603
    ],
    [
      2.056998765126133,
      7.069733889375303,
      2.233888155015978
    ],
    [
      2.058159457650037,
      7.119443427133204,
      2.232495083875996
    ],
    [
      2.0593201501739404,
      7.169152964891104,
      2.231102012736014
    ],
    [
      2.060480842697844,
      7.218862502649005,
      2.229708941596032
    ],
    [
      2.0616415352217476,
      7.268572040406905,
      2.2283158704560493
    ],
    [
      2.0628022277456504,
      7.318281578164806,
      2.226922799316067
    ],
    [
      2.063962920269554,
      7.367991115922707,
      2.225529728176085
    ],
    [
      2.0651236127934576,
      7.417700653680607,
      2.224136657036103
    ],
    [
      2.066284305317361,
      7.467410191438509,
      2.222743585896121
    ],
    [
      2.067444997841265,
      7.517119729196409,
      2.2213505147561388
    ],
    [
      2.0686056903651684,
      7.56682926695431,
      2.219957443616156
    ],
    [
      2.069766382889072,
      7.61653880471221,
      2.218564372476174
    ],
    [
      2.0709270754129756,
      7.666248342470111,
      2.217171301336192
    ],
    [
      2.072087767936879,
      7.715957880228013,
      2.21577823019621
    ],
    [
      2.073248460460782,
      7.765667417985913,
      2.214385159056228
    ],
    [
      2.0744091529846855,
      7.8153769557438135,
      2.2129920879162457
    ],
    [
      2.075569845508589,
      7.865086493501714,
      2.211599016776263
    ],
    [
      2.0767305380324927,
      7.914796031259615,
      2.210205945636281
    ],
    [
      2.0778912305563964,
      7.964505569017516,
      2.208812874496299
    ],
    [
      2.0747389237835865,
      8.014243449302526,
      2.2051924078266776
    ],
    [
      2.0715866170107766,
      8.063981329587538,
      2.2015719411570562
    ],
    [
      2.0684343102379668,
      8.11371920987255,
      2.197951474487435
    ],
    [
      2.065282003465157,
      8.16345709015756,
      2.1943310078178135
    ],
    [
      2.062129696692347,
      8.21319497044257,
      2.190710541148192
    ],
    [
      2.058977389919537,
      8.262932850727582,
      2.187090074478571
    ],
    [
      2.0558250831467264,
      8.312670731012593,
      2.18346960780895
    ],
    [
      2.0526727763739165,
      8.362408611297603,
      2.1798491411393286
    ],
    [
      2.0495204696011067,
      8.412146491582615,
      2.1762286744697072
    ],
    [
      2.046368162828297,
      8.461884371867626,
      2.172608207800086
    ],
    [
      2.043215856055487,
      8.511622252152637,
      2.1689877411304646
    ],
    [
