{
  "method": "rrt*",
  "kind": "o3d_sdf",
  "n_waypoints": 60,
  "min_sdf_on_waypoints": 0.8137130737304688,
  "start_used": [
    1.9919999837875366,
    4.285999774932861,
    2.3119001388549805
  ],
  "goal_used": [
    1.3499997692555183,
    6.925599909387529,
    1.3179999239742757
  ],
  "via_point": null,
  "path": [
    [
      1.9919999837875366,
      4.285999774932861,
      2.3119001388549805
    ],
    [
      1.9919999837875366,
      4.285999774932861,
      2.3119001388549805
    ],
    [
      1.9809310145714676,
      4.331510122078631,
      2.294763928253589
    ],
    [
      1.9698620453553977,
      4.3770204692244015,
      2.2776277176521975
    ],
    [
      1.9587930761393286,
      4.4225308163701715,
      2.2604915070508063
    ],
    [
      1.9477241069232596,
      4.468041163515942,
      2.2433552964494146
    ],
    [
      1.9366551377071906,
      4.513551510661712,
      2.2262190858480233
    ],
    [
      1.9255861684911206,
      4.559061857807482,
      2.2090828752466316
    ],
    [
      1.9145171992750516,
      4.604572204953252,
      2.1919466646452404
    ],
    [
      1.9034482300589826,
      4.650082552099023,
      2.1748104540438487
    ],
    [
      1.8923792608429135,
      4.695592899244793,
      2.1576742434424574
    ],
    [
      1.8813102916268436,
      4.741103246390563,
      2.1405380328410657
    ],
    [
      1.8702413224107746,
      4.786613593536333,
      2.1234018222396744
    ],
    [
      1.8591723531947055,
      4.832123940682103,
      2.1062656116382827
    ],
    [
      1.8481033839786356,
      4.877634287827873,
      2.0891294010368915
    ],
    [
      1.8370344147625666,
      4.923144634973643,
      2.0719931904355
    ],
    [
      1.8259654455464975,
      4.968654982119413,
      2.0548569798341085
    ],
    [
      1.8148964763304285,
      5.014165329265183,
      2.037720769232717
    ],
    [
      1.8038275071143586,
      5.059675676410953,
      2.0205845586313256
    ],
    [
      1.7927585378982895,
      5.1051860235567235,
      2.003448348029934
    ],
    [
      1.7816895686822205,
      5.1506963707024935,
      1.9863121374285426
    ],
    [
      1.7706205994661506,
      5.1962067178482645,
      1.9691759268271511
    ],
    [
      1.7595516302500815,
      5.241717064994035,
      1.9520397162257597
    ],
    [
      1.7484826610340125,
      5.287227412139805,
      1.9349035056243684
    ],
    [
      1.7374136918179435,
      5.332737759285575,
      1.9177672950229767
    ],
    [
      1.7263447226018735,
      5.378248106431345,
      1.9006310844215855
    ],
    [
      1.7152757533858045,
      5.423758453577115,
      1.883494873820194
    ],
    [
      1.7042067841697355,
      5.469268800722885,
      1.8663586632188025
    ],
    [
      1.6931378149536664,
      5.514779147868655,
      1.849222452617411
    ],
    [
      1.6820688457375965,
      5.560289495014425,
      1.8320862420160196
    ],
    [
      1.6709998765215275,
      5.605799842160195,
      1.814950031414628
    ],
    [
      1.6599309073054584,
      5.651310189305965,
      1.7978138208132366
    ],
    [
      1.6488619380893894,
      5.696820536451735,
      1.7806776102118453
    ],
    [
      1.6377929688733195,
      5.742330883597505,
      1.7635413996104536
    ],
    [
      1.6267239996572505,
      5.787841230743275,
      1.7464051890090622
    ],
    [
      1.6156550304411814,
      5.8333515778890455,
      1.7292689784076707
    ],
    [
      1.6045860612251115,
      5.8788619250348155,
      1.7121327678062794
    ],
    [
      1.5935170920090425,
      5.924372272180586,
      1.6949965572048877
    ],
    [
      1.5824481227929734,
      5.9698826193263566,
      1.6778603466034965
    ],
    [
      1.5713791535769044,
      6.015392966472126,
      1.6607241360021048
    ],
    [
      1.5603101843608345,
      6.060903313617897,
      1.6435879254007135
    ],
    [
      1.5492412151447654,
      6.106413660763667,
      1.6264517147993218
    ],
    [
      1.5381722459286964,
      6.151924007909437,
      1.6093155041979306
    ],
    [
      1.5271032767126265,
      6.197434355055207,
      1.592179293596539
    ],
    [
      1.5160343074965574,
      6.242944702200977,
      1.5750430829951476
    ],
    [
      1.5049653382804884,
      6.288455049346747,
      1.5579068723937561
    ],
    [
      1.4938963690644194,
      6.333965396492517,
      1.5407706617923647
    ],
    [
      1.4828273998483494,
      6.379475743638288,
      1.5236344511909732
    ],
    [
      1.4717584306322804,
      6.424986090784057,
      1.5064982405895817
    ],
    [
      1.4606894614162114,
      6.470496437929828,
      1.4893620299881905
    ],
    [
      1.4496204922001414,
      6.516006785075598,
      1.4722258193867988
    ],
    [
      1.4385515229840724,
      6.561517132221368,
      1.4550896087854075
    ],
    [
      1.4274825537680034,
      6.607027479367138,
      1.4379533981840158
    ],
    [
      1.4164135845519343,
      6.6525378265129085,
      1.4208171875826245
    ],
    [
      1.4053446153358644,
      6.6980481736586786,
      1.4036809769812328
    ],
    [
      1.3942756461197954,
      6.743558520804449,
      1.3865447663798416
    ],
    [
      1.3832066769037263,
      6.789068867950219,
      1.36940855577845
    ],
    [
      1.3721377076876564,
      6.834579215095989,
      1.3522723451770586
    ],
    [
      1.3610687384715874,
      6.880089562241759,
      1.3351361345756672
    ],
    [
      1.3499997692555183,
      6.925599909387529,
      1.3179999239742757
    ]
  ],
  "init_config_used": {
    "path": "artifacts\\sdf_exp\\init_kernel.npz",
    "q_best": [
      12.0,
      -7.0,
      0.0,
      0.04283533270284704,
      0.41795773536508274,
      0.4561564097306292,
      0.27868660786694294,
      -0.07743977388720051,
      0.18139231279221357
    ]
  },
  "weld_start_point": [
    0.23199999332427979,
    8.195600509643555,
    0.7000000476837158
  ],
  "retreat_path": [
    [
      0.23199999332427979,
      8.195600509643555,
      0.7000000476837158
    ],
    [
      0.2319980597960689,
      8.137213372693749,
      0.7486559395563438
    ],
    [
      0.27103729679269906,
      8.137213372693749,
      0.7486559395563438
    ],
    [
      0.42004569349496723,
      8.13318621706715,
      0.7631674123945944
    ],
    [
      0.42004569349496723,
      8.079629634338563,
      0.7991086185387124
    ],
    [
      0.42004569349496723,
      8.087092529704298,
      0.8247705388693107
    ],
    [
      0.42004569349496723,
      8.084667835172485,
      0.8291432790202227
    ]
  ],
  "retreat_sdf_values": [
    -0.004400158766657114,
    -1.8043210729956627e-06,
    0.03842448815703392,
    0.05689050257205963,
    0.07370823621749878,
    0.09808579832315445,
    0.10232970863580704
  ],
  "retreat_goal": [
    0.42004569349496723,
    8.084667835172485,
    0.8291432790202227
  ],