{
  "method": "rrt*",
  "kind": "o3d_sdf",
  "n_waypoints": 120,
  "min_sdf_on_waypoints": 0.30514463782310486,
  "start_used": [
    1.9919999837875366,
    4.285999774932861,
    2.3119001388549805
  ],
  "goal_used": [
    1.3399999630610147,
    9.328933148644865,
    1.3080000567560395
  ],
  "via_point": null,
  "path": [
    [
      1.9919999837875366,
      4.285999774932861,
      2.3119001388549805
    ],
    [
      1.9919999837875366,
      4.285999774932861,
      2.3119001388549805
    ],
    [
      1.9941163400795912,
      4.335672702958081,
      2.310358383520882
    ],
    [
      1.9962326963716466,
      4.385345630983299,
      2.3088166281867837
    ],
    [
      1.998349052663701,
      4.435018559008519,
      2.3072748728526853
    ],
    [
      2.0004654089557565,
      4.484691487033738,
      2.305733117518587
    ],
    [
      2.002581765247811,
      4.534364415058957,
      2.3041913621844885
    ],
    [
      2.0046981215398656,
      4.5840373430841765,
      2.30264960685039
    ],
    [
      2.006814477831921,
      4.633710271109396,
      2.3011078515162917
    ],
    [
      2.0089308341239756,
      4.683383199134615,
      2.2995660961821933
    ],
    [
      2.011047190416031,
      4.733056127159834,
      2.298024340848095
    ],
    [
      2.0131635467080855,
      4.782729055185054,
      2.2964825855139965
    ],
    [
      2.015279903000141,
      4.832401983210272,
      2.294940830179898
    ],
    [
      2.0173962592921955,
      4.882074911235492,
      2.2933990748457997
    ],
    [
      2.01951261558425,
      4.931747839260711,
      2.2918573195117014
    ],
    [
      2.0216289718763054,
      4.98142076728593,
      2.2903155641776025
    ],
    [
      2.02374532816836,
      5.031093695311149,
      2.288773808843504
    ],
    [
      2.0258616844604154,
      5.080766623336369,
      2.2872320535094057
    ],
    [
      2.02797804075247,
      5.1304395513615875,
      2.2856902981753073
    ],
    [
      2.0300943970445244,
      5.180112479386807,
      2.284148542841209
    ],
    [
      2.03221075333658,
      5.229785407412026,
      2.2826067875071105
    ],
    [
      2.0343271096286344,
      5.279458335437245,
      2.281065032173012
    ],
    [
      2.03644346592069,
      5.329131263462465,
      2.2795232768389138
    ],
    [
      2.0385598222127443,
      5.378804191487684,
      2.2779815215048154
    ],
    [
      2.040676178504799,
      5.428477119512903,
      2.276439766170717
    ],
    [
      2.0427925347968543,
      5.478150047538122,
      2.2748980108366186
    ],
    [
      2.044908891088909,
      5.527822975563341,
      2.27335625550252
    ],
    [
      2.0470252473809643,
      5.57749590358856,
      2.271814500168422
    ],
    [
      2.049141603673019,
      5.62716883161378,
      2.2702727448343234
    ],
    [
      2.051257959965074,
      5.676841759638998,
      2.268730989500225
    ],
    [
      2.0533743162571287,
      5.726514687664218,
      2.2671892341661266
    ],
    [
      2.0554906725491833,
      5.776187615689437,
      2.265647478832028
    ],
    [
      2.0576070288412387,
      5.825860543714656,
      2.26410572349793
    ],
    [
      2.0597233851332932,
      5.8755334717398755,
      2.2625639681638314
    ],
    [
      2.0618397414253486,
      5.925206399765095,
      2.261022212829733
    ],
    [
      2.063956097717403,
      5.974879327790314,
      2.2594804574956346
    ],
    [
      2.0660724540094577,
      6.024552255815533,
      2.2579387021615362
    ],
    [
      2.068188810301513,
      6.074225183840753,
      2.256396946827438
    ],
    [
      2.0703051665935677,
      6.123898111865971,
      2.2548551914933395
    ],
    [
      2.072421522885623,
      6.173571039891191,
      2.253313436159241
    ],
    [
      2.0745378791776776,
      6.22324396791641,
      2.2517716808251427
    ],
    [
      2.076654235469732,
      6.272916895941629,
      2.2502299254910443
    ],
    [
      2.0787705917617876,
      6.322589823966848,
      2.2486881701569454
    ],
    [
      2.080886948053842,
      6.372262751992068,
      2.247146414822847
    ],
    [
      2.0830033043458975,
      6.421935680017286,
      2.2456046594887487
    ],
    [
      2.085119660637952,
      6.471608608042507,
      2.2440629041546503
    ],
    [
      2.0872360169300075,
      6.521281536067725,
      2.242521148820552
    ],
    [
      2.089352373222062,
      6.570954464092944,
      2.2409793934864535
    ],
    [
      2.0914687295141166,
      6.6206273921181635,
      2.239437638152355
    ],
    [
      2.093585085806172,
      6.670300320143383,
      2.2378958828182567
    ],
    [
      2.0957014420982265,
      6.719973248168602,
      2.2363541274841583
    ],
    [
      2.097817798390282,
      6.769646176193821,
      2.23481237215006
    ],
    [
      2.0999341546823365,
      6.819319104219041,
      2.2332706168159615
    ],
    [
      2.102050510974391,
      6.868992032244259,
      2.231728861481863
    ],
    [
      2.1041668672664464,
      6.918664960269479,
      2.2301871061477647
    ],
    [
      2.106283223558501,
      6.968337888294698,
      2.2286453508136663
    ],
    [
      2.1083995798505564,
      7.018010816319917,
      2.227103595479568
    ],
    [
      2.110515936142611,
      7.067683744345136,
      2.2255618401454695
    ],
    [
      2.1126322924346663,
      7.117356672370356,
      2.224020084811371
    ],
    [
      2.114748648726721,
      7.1670296003955745,
      2.2224783294772728
    ],
    [
      2.1168650050187754,
      7.216702528420795,
      2.2209365741431744
    ],
    [
      2.118981361310831,
      7.2663754564460135,
      2.219394818809076
    ],
    [
      2.1210977176028853,
      7.316048384471232,
      2.2178530634749776
    ],
    [
      2.1232140738949408,
      7.365721312496452,
      2.216311308140879
    ],
    [
      2.1253304301869953,
      7.415394240521671,
      2.214769552806781
    ],
    [
      2.12744678647905,
      7.46506716854689,
      2.2132277974726824
    ],
    [
      2.1295631427711053,
      7.514740096572109,
      2.211686042138584
    ],
    [
      2.13167949906316,
      7.564413024597329,
      2.2101442868044856
    ],
    [
      2.133795855355215,
      7.614085952622547,
      2.2086025314703868
    ],
    [
      2.1359122116472697,
      7.663758880647767,
      2.2070607761362884
    ],
    [
      2.1380285679393243,
      7.713431808672986,
      2.20551902080219
    ],
    [
      2.1401449242313797,
      7.763104736698205,
      2.2039772654680916
    ],
    [
      2.1422612805234342,
      7.812777664723424,
      2.202435510133993
    ],
    [
      2.1443776368154897,
      7.862450592748644,
      2.200893754799895
    ],
    [
      2.146493993107544,
      7.9121235207738625,
      2.1993519994657964
    ],
    [
      2.1486103493995996,
      7.961796448799082,
      2.197810244131698
    ],
    [
      2.150726705691654,
      8.011469376824301,
      2.1962684887975996
    ],
    [
      2.1528430619837087,
      8.06114230484952,
      2.1947267334635012
    ],
    [
      2.154959418275764,
      8.110815232874739,
      2.193184978129403
    ],
    [
      2.1570757745678186,
      8.160488160899959,
      2.1916432227953044
    ],
    [
      2.159192130859874,
      8.210161088925178,
      2.190101467461206
    ],
    [
      2.1613084871519286,
      8.259834016950396,
      2.1885597121271076
    ],
    [
      2.170467561640976,
      8.300796583688683,
      2.1799044146398368
    ],
    [
      2.179626636130024,
      8.341759150426968,
      2.171249117152566
    ],
    [
      2.1887857106190713,
      8.382721717165253,
      2.162593819665295
    ],
    [
      2.1979447851081195,
      8.423684283903539,
      2.1539385221780245
    ],
    [
      2.207103859597167,
      8.464646850641824,
      2.1452832246907536
    ],
    [
