{
  "method": "rrt*",
  "kind": "o3d_sdf",
  "n_waypoints": 115,
  "min_sdf_on_waypoints": 0.32039952278137207,
  "start_used": [
    1.9919999837875366,
    4.285999774932861,
    2.3119001388549805
  ],
  "goal_used": [
    1.3499997692555183,
    9.325599855743349,
    1.3179999239742757
  ],
  "via_point": null,
  "path": [
    [
      1.9919999837875366,
      4.285999774932861,
      2.3119001388549805
    ],
    [
      1.9919999837875366,
      4.285999774932861,
      2.3119001388549805
    ],
    [
      1.9782693699869407,
      4.3340218833254855,
      2.3108105944096993
    ],
    [
      1.9645387561863448,
      4.382043991718109,
      2.309721049964418
    ],
    [
      1.950808142385748,
      4.430066100110733,
      2.308631505519137
    ],
    [
      1.937077528585152,
      4.478088208503356,
      2.3075419610738552
    ],
    [
      1.923346914784556,
      4.526110316895981,
      2.306452416628574
    ],
    [
      1.9096163009839602,
      4.574132425288605,
      2.305362872183293
    ],
    [
      1.8958856871833634,
      4.622154533681228,
      2.3042733277380116
    ],
    [
      1.8821550733827674,
      4.670176642073852,
      2.3031837832927304
    ],
    [
      1.8684244595821715,
      4.718198750466477,
      2.3020942388474492
    ],
    [
      1.8546938457815756,
      4.7662208588591,
      2.3010046944021676
    ],
    [
      1.8409632319809797,
      4.814242967251724,
      2.2999151499568864
    ],
    [
      1.8272326181803829,
      4.862265075644348,
      2.298825605511605
    ],
    [
      1.813502004379787,
      4.910287184036972,
      2.297736061066324
    ],
    [
      1.799771390579191,
      4.958309292429596,
      2.296646516621043
    ],
    [
      1.786040776778595,
      5.006331400822219,
      2.2955569721757616
    ],
    [
      1.7723101629779983,
      5.0543535092148435,
      2.2944674277304804
    ],
    [
      1.7585795491774023,
      5.102375617607468,
      2.2933778832851988
    ],
    [
      1.7448489353768064,
      5.150397726000091,
      2.2922883388399176
    ],
    [
      1.7311183215762105,
      5.198419834392715,
      2.2911987943946364
    ],
    [
      1.7173877077756146,
      5.246441942785339,
      2.290109249949355
    ],
    [
      1.7036570939750177,
      5.294464051177963,
      2.289019705504074
    ],
    [
      1.6899264801744218,
      5.342486159570587,
      2.2879301610587928
    ],
    [
      1.676195866373826,
      5.390508267963211,
      2.286840616613511
    ],
    [
      1.66246525257323,
      5.438530376355835,
      2.28575107216823
    ],
    [
      1.648734638772634,
      5.486552484748459,
      2.2846615277229487
    ],
    [
      1.6350040249720372,
      5.534574593141082,
      2.2835719832776675
    ],
    [
      1.6212734111714413,
      5.582596701533706,
      2.2824824388323863
    ],
    [
      1.6075427973708454,
      5.630618809926331,
      2.281392894387105
    ],
    [
      1.5938121835702495,
      5.678640918318954,
      2.280303349941824
    ],
    [
      1.5800815697696526,
      5.726663026711578,
      2.2792138054965423
    ],
    [
      1.5663509559690567,
      5.774685135104202,
      2.278124261051261
    ],
    [
      1.5526203421684608,
      5.822707243496826,
      2.27703471660598
    ],
    [
      1.5388897283678649,
      5.87072935188945,
      2.2759451721606987
    ],
    [
      1.525159114567268,
      5.918751460282074,
      2.2748556277154175
    ],
    [
      1.5114285007666721,
      5.966773568674697,
      2.2737660832701363
    ],
    [
      1.4976978869660762,
      6.014795677067321,
      2.2726765388248547
    ],
    [
      1.4839672731654803,
      6.062817785459945,
      2.2715869943795735
    ],
    [
      1.4702366593648843,
      6.110839893852569,
      2.2704974499342923
    ],
    [
      1.4565060455642875,
      6.158862002245193,
      2.269407905489011
    ],
    [
      1.4427754317636916,
      6.206884110637817,
      2.26831836104373
    ],
    [
      1.4290448179630957,
      6.254906219030441,
      2.2672288165984487
    ],
    [
      1.4153142041624998,
      6.302928327423064,
      2.266139272153167
    ],
    [
      1.4015835903619038,
      6.3509504358156885,
      2.265049727707886
    ],
    [
      1.387852976561307,
      6.398972544208313,
      2.2639601832626046
    ],
    [
      1.374122362760711,
      6.446994652600937,
      2.2628706388173234
    ],
    [
      1.3603917489601152,
      6.495016760993561,
      2.2617810943720422
    ],
    [
      1.3466611351595192,
      6.543038869386184,
      2.260691549926761
    ],
    [
      1.3329305213589233,
      6.591060977778808,
      2.25960200548148
    ],
    [
      1.3191999075583265,
      6.639083086171432,
      2.258512461036198
    ],
    [
      1.3054692937577306,
      6.687105194564056,
      2.257422916590917
    ],
    [
      1.2917386799571347,
      6.73512730295668,
      2.256333372145636
    ],
    [
      1.2780080661565378,
      6.783149411349304,
      2.2552438277003546
    ],
    [
      1.264277452355942,
      6.831171519741927,
      2.2541542832550734
    ],
    [
      1.250546838555346,
      6.879193628134551,
      2.253064738809792
    ],
    [
      1.23681622475475,
      6.927215736527176,
      2.2519751943645105
    ],
    [
      1.2230856109541541,
      6.975237844919799,
      2.2508856499192293
    ],
    [
      1.2093549971535573,
      7.023259953312423,
      2.249796105473948
    ],
    [
      1.1956243833529614,
      7.0712820617050465,
      2.248706561028667
    ],
    [
      1.1818937695523655,
      7.119304170097671,
      2.2476170165833858
    ],
    [
      1.1681631557517695,
      7.167326278490295,
      2.2465274721381046
    ],
    [
      1.1544325419511736,
      7.215348386882919,
      2.2454379276928234
    ],
    [
      1.1407019281505768,
      7.263370495275543,
      2.2443483832475417
    ],
    [
      1.1269713143499809,
      7.311392603668167,
      2.2432588388022605
    ],
    [
      1.113240700549385,
      7.35941471206079,
      2.2421692943569793
    ],
    [
      1.099510086748789,
      7.407436820453414,
      2.241079749911698
    ],
    [
      1.085779472948193,
      7.4554589288460384,
      2.239990205466417
    ],
    [
      1.0720488591475963,
      7.503481037238663,
      2.2389006610211357
    ],
    [
      1.0583182453470004,
      7.551503145631286,
      2.237811116575854
    ],
    [
      1.0445876315464044,
      7.599525254023909,
      2.236721572130573
    ],
    [
      1.0308570177458076,
      7.6475473624165335,
      2.2356320276852917
    ],
    [
      1.0171264039452117,
      7.695569470809158,
      2.2345424832400105
    ],
    [
      1.0033957901446158,
      7.743591579201781,
      2.2334529387947293
    ],
    [
      0.9896651763440198,
      7.791613687594405,
      2.232363394349448
    ],
    [
      0.9759345625434239,
      7.839635795987029,
      2.231273849904167
    ],
    [
      0.9622039487428276,
      7.887657904379653,
      2.2301843054588852
    ],
    [
      0.9484733349422312,
      7.935680012772277,
      2.229094761013604
    ],
    [
      0.9347427211416353,
      7.983702121164901,
      2.228005216568323
    ],
    [
      0.9210121073410393,
      8.031724229557526,
      2.2269156721230416
    ],
    [
      0.907281493540443,
      8.079746337950148,
      2.2258261276777604
    ],
    [
      0.893550879739847,
      8.127768446342772,
      2.2247365832324792
    ],
    [
      0.8798202659392507,
      8.175790554735396,
      2.2236470387871976
    ],
    [
      0.8660896521386547,
      8.22381266312802,
      2.2225574943419164
    ],
    [
      0.8523590383380588,
      8.271834771520645,
      2.221467949896635
    ],
    [
      0.8386284245374624,
      8.319856879913267,
      2.220378405451354
    ],
    [
      0.8562619191829128,
      8.354537672183271,
