{
  "kind": "o3d_sdf",
  "n_waypoints": 116,
  "min_sdf_on_waypoints": 0.3192789852619171,
  "start_used": [
    1.9919999837875366,
    4.285999774932861,
    2.3119001388549805
  ],
  "goal_used": [
    1.3399999630610147,
    9.328933148644865,
    1.3080000567560395
  ],
  "via_point": null,
  "path": [
    [
      1.9919999837875366,
      4.285999774932861,
      2.3119001388549805
    ],
    [
      1.9935905421825257,
      4.335725431863059,
      2.3106053189095226
    ],
    [
      1.9951811005775149,
      4.385451088793257,
      2.3093104989640647
    ],
    [
      1.996771658972504,
      4.435176745723454,
      2.3080156790186064
    ],
    [
      1.998362217367494,
      4.484902402653652,
      2.3067208590731485
    ],
    [
      1.999952775762483,
      4.5346280595838495,
      2.3054260391276906
    ],
    [
      2.001543334157472,
      4.584353716514046,
      2.3041312191822327
    ],
    [
      2.0031338925524613,
      4.634079373444244,
      2.302836399236775
    ],
    [
      2.0047244509474504,
      4.683805030374442,
      2.3015415792913165
    ],
    [
      2.0063150093424396,
      4.73353068730464,
      2.3002467593458586
    ],
    [
      2.0079055677374296,
      4.783256344234837,
      2.2989519394004008
    ],
    [
      2.0094961261324187,
      4.832982001165035,
      2.297657119454943
    ],
    [
      2.011086684527408,
      4.882707658095232,
      2.2963622995094846
    ],
    [
      2.012677242922397,
      4.93243331502543,
      2.2950674795640267
    ],
    [
      2.014267801317386,
      4.982158971955627,
      2.293772659618569
    ],
    [
      2.015858359712375,
      5.031884628885825,
      2.292477839673111
    ],
    [
      2.0174489181073643,
      5.081610285816023,
      2.291183019727653
    ],
    [
      2.0190394765023543,
      5.131335942746221,
      2.2898881997821947
    ],
    [
      2.0206300348973434,
      5.1810615996764176,
      2.288593379836737
    ],
    [
      2.0222205932923325,
      5.230787256606615,
      2.287298559891279
    ],
    [
      2.0238111516873216,
      5.280512913536813,
      2.286003739945821
    ],
    [
      2.0254017100823107,
      5.33023857046701,
      2.284708920000363
    ],
    [
      2.0269922684773,
      5.379964227397208,
      2.283414100054905
    ],
    [
      2.028582826872289,
      5.429689884327406,
      2.282119280109447
    ],
    [
      2.030173385267279,
      5.4794155412576036,
      2.280824460163989
    ],
    [
      2.031763943662268,
      5.529141198187801,
      2.279529640218531
    ],
    [
      2.033354502057257,
      5.578866855117998,
      2.278234820273073
    ],
    [
      2.0349450604522463,
      5.628592512048196,
      2.276940000327615
    ],
    [
      2.0365356188472354,
      5.678318168978393,
      2.275645180382157
    ],
    [
      2.0381261772422246,
      5.728043825908591,
      2.2743503604366992
    ],
    [
      2.0397167356372137,
      5.777769482838789,
      2.2730555404912414
    ],
    [
      2.0413072940322037,
      5.8274951397689865,
      2.271760720545783
    ],
    [
      2.042897852427193,
      5.877220796699184,
      2.270465900600325
    ],
    [
      2.044488410822182,
      5.926946453629381,
      2.2691710806548673
    ],
    [
      2.046078969217171,
      5.976672110559579,
      2.2678762607094094
    ],
    [
      2.04766952761216,
      6.026397767489777,
      2.2665814407639515
    ],
    [
      2.0492600860071493,
      6.076123424419974,
      2.265286620818493
    ],
    [
      2.0508506444021393,
      6.125849081350172,
      2.2639918008730353
    ],
    [
      2.0524412027971284,
      6.175574738280369,
      2.2626969809275774
    ],
    [
      2.0540317611921175,
      6.225300395210567,
      2.2614021609821195
    ],
    [
      2.0556223195871066,
      6.275026052140765,
      2.260107341036661
    ],
    [
      2.0572128779820957,
      6.324751709070962,
      2.2588125210912033
    ],
    [
      2.058803436377085,
      6.37447736600116,
      2.2575177011457455
    ],
    [
      2.060393994772074,
      6.424203022931357,
      2.2562228812002876
    ],
    [
      2.061984553167064,
      6.4739286798615545,
      2.2549280612548297
    ],
    [
      2.063575111562053,
      6.523654336791752,
      2.2536332413093714
    ],
    [
      2.065165669957042,
      6.57337999372195,
      2.2523384213639135
    ],
    [
      2.0667562283520313,
      6.623105650652148,
      2.2510436014184556
    ],
    [
      2.0683467867470204,
      6.672831307582346,
      2.2497487814729977
    ],
    [
      2.0699373451420096,
      6.722556964512544,
      2.24845396152754
    ],
    [
      2.0715279035369996,
      6.7722826214427405,
      2.2471591415820815
    ],
    [
      2.0731184619319887,
      6.822008278372937,
      2.2458643216366236
    ],
    [
      2.074709020326978,
      6.871733935303135,
      2.2445695016911658
    ],
    [
      2.076299578721967,
      6.921459592233333,
      2.243274681745708
    ],
    [
      2.077890137116956,
      6.971185249163531,
      2.24197986180025
    ],
    [
      2.079480695511945,
      7.020910906093729,
      2.2406850418547917
    ],
    [
      2.0810712539069343,
      7.070636563023926,
      2.239390221909334
    ],
    [
      2.0826618123019243,
      7.120362219954123,
      2.238095401963876
    ],
    [
      2.0842523706969134,
      7.17008787688432,
      2.236800582018418
    ],
    [
      2.0858429290919025,
      7.219813533814518,
      2.2355057620729597
    ],
    [
      2.0874334874868916,
      7.269539190744716,
      2.234210942127502
    ],
    [
      2.0890240458818807,
      7.319264847674914,
      2.232916122182044
    ],
    [
      2.09061460427687,
      7.368990504605112,
      2.231621302236586
    ],
    [
      2.092205162671859,
      7.418716161535309,
      2.230326482291128
    ],
    [
      2.093795721066849,
      7.468441818465507,
      2.22903166234567
    ],
    [
      2.095386279461838,
      7.518167475395704,
      2.227736842400212
    ],
    [
      2.096976837856827,
      7.567893132325901,
      2.226442022454754
    ],
    [
      2.0985673962518163,
      7.617618789256099,
      2.225147202509296
    ],
    [
      2.1001579546468054,
      7.667344446186297,
      2.2238523825638383
    ],
    [
      2.1017485130417946,
      7.7170701031164946,
      2.22255756261838
    ],
    [
      2.1033390714367837,
      7.766795760046692,
      2.221262742672922
    ],
    [
      2.1049296298317737,
      7.816521416976889,
      2.2199679227274642
    ],
    [
      2.106520188226763,
      7.866247073907087,
      2.2186731027820064
    ],
    [
      2.108110746621752,
      7.915972730837284,
      2.2173782828365485
    ],
    [
      2.109701305016741,
      7.965698387767483,
      2.21608346289109
    ],
    [
      2.11129186341173,
      8.01542404469768,
      2.2147886429456323
    ],
    [
      2.1128824218067193,
      8.065149701627877,
      2.2134938230001744
    ],
    [
      2.1144729802017093,
      8.114875358558075,
      2.2121990030547165
    ],
    [
      2.1160635385966984,
      8.164601015488273,
      2.210904183109258
    ],
    [
      2.1176540969916875,
      8.214326672418471,
      2.2096093631638003
    ],
    [
      2.1192446553866766,
      8.264052329348669,
      2.2083145432183424
    ],
    [
      2.108760513817572,
      8.308876190078445,
      2.1902727424889994
    ],
    [
      2.098276372248467,
      8.353700050808222,
      2.1722309417596564
    ],
    [
      2.087792230679362,
      8.398523911538,
      2.1541891410303133
    ],
    [
      2.0773080891102573,
      8.443347772267776,
      2.1361473403009708
    ],
    [
      2.0668239475411525,
      8.488171632997554,
      2.1181055395716277
    ],
    [
      2.0563398059720477,
      8.53299549372733,
      2.1000637388422847
    ],
    [
      2.045855664402943,
