{
  "method": "paper_style_iris_safe_cover",
  "notes": [
    "6R free seeds are still selected from coal-labeled Monte Carlo samples.",
    "Obstacle input is now precomputed pairwise collision subspace polytopes lifted to full 6R.",
    "IRIS main loop uses nearest-obstacle separating hyperplanes and an MVIE E-step solved with cvxpy.",
    "The 6R joint-limit box is folded into the domain polytope for each region."
  ],
  "num_samples": 240,
  "num_free_samples": 105,
  "coverage_ratio": 1.0,
  "uncovered_free_samples": 0,
  "joint_indices": [
    4,
    5,
    6,
    7,
    8,
    9
  ],
  "joint_names": [
    "link04",
    "link05",
    "link06",
    "link07",
    "link08",
    "link09"
  ],
  "monitored_link_indices": [
    2,
    3,
    4,
    5,
    6,
    7,
    8,
    9,
    10
  ],
  "monitored_link_names": [
    "link_03",
    "robobase",
    "link04",
    "link05",
    "link06",
    "link07",
    "link08",
    "link09",
    "welding_gun_base"
  ],
  "joint_limits": [
    [
      -6.2832,
      6.2832
    ],
    [
      -6.2832,
      6.2832
    ],
    [
      -6.2832,
      6.2832
    ],
    [
      -6.2832,
      6.2832
    ],
    [
      -6.2832,
      6.2832
    ],
    [
      -6.2832,
      6.2832
    ]
  ],
  "pairwise_obstacle_json": "artifacts\\sdf_exp\\pairwise_cspace_obstacles_smoke.json",
  "num_pairwise_obstacles": 22,
  "regions": [
    {
      "region_id": 0,
      "seed_free_index": 66,
      "seed_joint": [
        2.325120816883941,
        0.5556527634564556,
        1.0340724094692728,
        -3.803385974353908,
        0.786752970025578,
        2.173219379633795
      ],
      "seed_normalized": [
        0.685026802973321,
        0.5442173385740113,
        0.5822886753142724,
        0.19733686860565414,
        0.5626076656819438,
        0.6729388989395368
      ],
      "seed_clearance": 0.022103293827567188,
      "center_joint": [
        3.5248822824218273e-16,
        3.4946019743932635e-85,
        1.3978407897573106e-84,
        -1.8993671647264925e-99,
        -4.62534967206592e-99,
        2.7845331225710004e-99
      ],
      "center_normalized": [
        0.5,
        0.5,
        0.5,
        0.5,
        0.5,
        0.5
      ],
      "C_joint": [
        [
          6.283199918739137,
          -3.9224517242636984e-16,
          -4.48773697491513e-16,
          -5.393462182296121e-16,
          5.449220116261692e-16,
          -3.1488823092743384e-16
        ],
        [
          -3.9224517242636984e-16,
          6.283199918739118,
          -3.5389542422853163e-15,
          2.873221235274991e-15,
          -2.570794582623983e-15,
          -1.2461629442124458e-15
        ],
        [
          -4.48773697491513e-16,
          -3.5389542422853163e-15,
          6.283199918739129,
          -6.753314636484887e-15,
          2.5948434810005552e-15,
          2.9084559130301925e-15
        ],
        [
          -5.393462182296121e-16,
          2.873221235274991e-15,
          -6.753314636484887e-15,
          6.283199918739123,
          -2.6324545963678915e-15,
          -1.2874865648535158e-15
        ],
        [
          5.449220116261692e-16,
          -2.570794582623983e-15,
          2.5948434810005552e-15,
          -2.6324545963678915e-15,
          6.283199918739114,
          -1.698531313857574e-15
        ],
        [
          -3.1488823092743384e-16,
          -1.2461629442124458e-15,
          2.9084559130301925e-15,
          -1.2874865648535158e-15,
          -1.698531313857574e-15,
          6.283199918739129
        ]
      ],
      "C_normalized": [
        [
          0.4999999935334812,
          -3.121380605633832e-17,
          -3.571219263205954e-17,
          -4.2919707969634276e-17,
          4.336341447241607e-17,
          -2.505795064039294e-17
        ],
        [
          -3.121380605633832e-17,
          0.4999999935334797,
          -2.8162037196693697e-16,
          2.2864314642817284e-16,
          -2.0457685435956067e-16,
          -9.916626434081725e-17
        ],
        [
          -3.571219263205954e-17,
          -2.8162037196693697e-16,
          0.4999999935334805,
          -5.37410446626312e-16,
          2.0649060041066299e-16,
          2.314470264379769e-16
        ],
        [
          -4.2919707969634276e-17,
          2.2864314642817284e-16,
          -5.37410446626312e-16,
          0.49999999353348,
          -2.094835908747049e-16,
          -1.0245468589679749e-16
        ],
        [
          4.336341447241607e-17,
          -2.0457685435956067e-16,
          2.0649060041066299e-16,
          -2.094835908747049e-16,
          0.4999999935334793,
          -1.3516451122497885e-16
        ],
        [
          -2.505795064039294e-17,
          -9.916626434081725e-17,
          2.314470264379769e-16,
          -1.0245468589679749e-16,
          -1.3516451122497885e-16,
          0.4999999935334805
        ]
      ],
      "A_joint": [
        [
          1.0,
          0.0,
          0.0,
          0.0,
          0.0,
          0.0
        ],
        [
          -1.0,
          0.0,
          0.0,
          0.0,
          0.0,
          0.0
        ],
        [
          0.0,
          1.0,
          0.0,
          0.0,
          0.0,
          0.0
        ],
        [
          0.0,
          -1.0,
          0.0,
          0.0,
          0.0,
          0.0
        ],
        [
          0.0,
          0.0,
          1.0,
          0.0,
          0.0,
          0.0
        ],
        [
          0.0,
          0.0,
          -1.0,
          0.0,
          0.0,
          0.0
        ],
        [
          0.0,
          0.0,
          0.0,
          1.0,
          0.0,
          0.0
        ],
        [
          0.0,
          0.0,
          0.0,
          -1.0,
          0.0,
          0.0
        ],
        [
          0.0,
          0.0,
          0.0,
          0.0,
          1.0,
          0.0
        ],
        [
          0.0,
          0.0,
          0.0,
          0.0,
          -1.0,
          0.0
        ],
        [
          0.0,
          0.0,
          0.0,
          0.0,
          0.0,
          1.0
        ],
        [
          0.0,
          0.0,
          0.0,
          0.0,
          0.0,
          -1.0
        ],
        [
          2.4718079061189655e-59,
          -9.086755756076019e-45,
          -3.6347023024304204e-44,
          4.938784343237481e-59,
          1.202695559164689e-58,
          -7.240416094568077e-59
        ]
      ],
      "b_joint": [
        6.2832,
        6.2832,
        6.2832,
        6.2832,
        6.2832,
        6.2832,
        6.2832,
        6.2832,
        6.2832,
        6.2832,
        6.2832,
        6.2832,
        7.627119759301718e-71
      ],