{
  "cover_json": "artifacts\\sdf_exp\\self_collision_iris_safe_cover_smoke.json",
  "pairwise_obstacle_json": "artifacts\\sdf_exp\\pairwise_cspace_obstacles_smoke.json",
  "selected_region_id": 0,
  "selected_region_log_det": 11.027276351451409,
  "selected_region_summary": {
    "num_planes": 13,
    "num_selected_obstacles": 1,
    "newly_covered_free_samples": 105
  },
  "curve_attempt": 2,
  "control_points_normalized": [
    [
      0.29926065169166255,
      0.5049278602871861,
      0.6206818020784086,
      0.46864327378418885,
      0.39998486130069205,
      0.5517824297767301
    ],
    [
      0.6057450397363605,
      0.4557681973762706,
      0.580302626296656,
      0.6537554422202076,
      0.4694875571589895,
      0.38006004099336094
    ],
    [
      0.5702801892333093,
      0.5500432376445122,
      0.7221332844697972,
      0.24031231182855695,
      0.36624995859882736,
      0.3305582304194504
    ],
    [
      0.23426169590482082,
      0.5193761341490648,
      0.5808861565560195,
      0.38678020233026233,
      0.7123508368172345,
      0.6259601552969454
    ]
  ],
  "curve_normalized": [
    [
      0.29926065169166255,
      0.5049278602871861,
      0.6206818020784086,
      0.46864327378418885,
      0.39998486130069205,
      0.5517824297767301
    ],
    [
      0.3373010578692629,
      0.4993071018942213,
      0.6164100373835131,
      0.489489099543092,
      0.4081219350890904,
      0.5300952819222458
    ],
    [
      0.37148343648499466,
      0.49518085553849367,
      0.6139754742473849,
      0.5041173011284196,
      0.4146065318492511,
      0.5099041921540896
    ],
    [
      0.4018282012459616,
      0.49241677462004796,
      0.6131486620478287,
      0.5130991613476286,
      0.4197454217486094,
      0.49131897381519357
    ],
    [
      0.428355765859268,
      0.490882512538929,
      0.6137001501626497,
      0.5170059630081756,
      0.4238453749546004,
      0.47444944024848973
    ],
    [
      0.45108654403201764,
      0.4904457226951812,
      0.615400487969652,
      0.5164089889175174,
      0.4272131616346591,
      0.4594054047969097
    ],
    [
      0.47004094947131436,
      0.49097405848884906,
      0.6180202248466402,
      0.5118795218831105,
      0.43015555195622024,
      0.44629668080338525
    ],
    [
      0.48523939588426246,
      0.4923351733199775,
      0.6213299101714196,
      0.5039888447124122,
      0.4329793160867194,
      0.43523308161084856
    ],
    [
      0.49670229697796553,
      0.494396720588611,
      0.6251000933217942,
      0.49330824021287883,
      0.4359912241935913,
      0.42632442056223113
    ],
    [
      0.5044500664595277,
      0.4970263536947942,
      0.6291013236755687,
      0.4804089911919673,
      0.43949804644427104,
      0.419680511000465
    ],
    [
      0.5085031180360532,
      0.5000917260385719,
      0.6331041506105481,
      0.4658623804571342,
      0.4438065530061937,
      0.41541116626848185
    ],
    [
      0.5088818654146453,
      0.5034604910199881,
      0.6368791235045366,
      0.45023969081583615,
      0.4492235140467942,
      0.41362619970921355
    ],
    [
      0.5056067223024086,
      0.5070003020390882,
      0.6401967917353393,
      0.4341122050755303,
      0.4560556997335078,
      0.414435424665592
    ],
    [
      0.4986981024064467,
      0.5105788124959163,
      0.6428277046807604,
      0.4180512060436729,
      0.4646098802337692,
      0.417948654480549
    ],
    [
      0.48817641943386375,
      0.5140636757905173,
      0.644542411718605,
      0.4026279765277211,
      0.47519282571501376,
      0.4242757024970165
    ],
    [
      0.4740620870917638,
      0.5173225453229356,
      0.6451114622266775,
      0.3884137993351316,
      0.4881113063446765,
      0.4335263820579262
    ],
    [
      0.4563755190872505,
      0.5202230744932161,
      0.6443054055827825,
      0.37597995727336087,
      0.5036720922901923,
      0.44581050650621
    ],
    [
      0.43513712912742797,
      0.5226329167014032,
      0.6418947911647247,
      0.36589773314986584,
      0.5221819537189962,
      0.4612378891847997
    ],
    [
      0.41036733091940025,
      0.5244197253475416,
      0.6376501683503087,
      0.3587384097721033,
      0.5439476607985234,
      0.47991834343662715
    ],
    [
      0.3820865381702711,
      0.525451153831676,
      0.6313420865173394,
      0.3550732699475298,
      0.5692759836962089,
      0.5019616826046243
    ],
    [
      0.35031516458714473,
      0.5255948555538508,
      0.6227410950436211,
      0.35547359648360227,
      0.5984736925794878,
      0.5274777200317228
    ],
    [
      0.3150736238771249,
      0.5247184839141108,
      0.6116177433069585,
      0.3605106721877773,
      0.6318475576157949,
      0.5565762690608546
    ],
    [
      0.2763823297473156,
      0.5226896923125006,
      0.5977425806851565,
      0.3707557798675118,
      0.6697043489725656,
      0.5893671430349515
    ],
    [
      0.23426169590482082,
      0.5193761341490648,
      0.5808861565560195,
      0.38678020233026233,
      0.7123508368172345,
      0.6259601552969454
    ]
  ],