{
  "method": "sampled_iris_safe_cover",
  "notes": [
    "6R joint space is sampled, while self-collision monitoring includes welding_gun_base.",
    "Collision samples are sorted by distance to the current ball center before adding tangent planes.",
    "After each tangent plane is added, already separated collision samples are dropped immediately."
  ],
  "num_samples": 120,
  "num_free_samples": 80,
  "num_collision_samples": 40,
  "coverage_ratio": 0.0875,
  "uncovered_free_samples": 73,
  "joint_indices": [
    4,
    5,
    6,
    7,
    8,
    9
  ],
  "joint_names": [
    "link04",
    "link05",
    "link06",
    "link07",
    "link08",
    "link09"
  ],
  "monitored_link_indices": [
    4,
    5,
    6,
    7,
    8,
    9,
    10
  ],
  "monitored_link_names": [
    "link04",
    "link05",
    "link06",
    "link07",
    "link08",
    "link09",
    "welding_gun_base"
  ],
  "joint_limits": [
    [
      -6.2832,
      6.2832
    ],
    [
      -6.2832,
      6.2832
    ],
    [
      -6.2832,
      6.2832
    ],
    [
      -6.2832,
      6.2832
    ],
    [
      -6.2832,
      6.2832
    ],
    [
      -6.2832,
      6.2832
    ]
  ],
  "regions": [
    {
      "center_normalized": [
        0.8504524012975494,
        0.14954759870245074,
        0.8504524012975493,
        0.8504524012975493,
        0.14954759870245074,
        0.8504524012975493
      ],
      "radius_normalized": 0.14954759870245074,
      "A_normalized": [
        [
          1.0,
          0.0,
          0.0,
          0.0,
          0.0,
          0.0
        ],
        [
          -1.0,
          0.0,
          0.0,
          0.0,
          0.0,
          0.0
        ],
        [
          0.0,
          1.0,
          0.0,
          0.0,
          0.0,
          0.0
        ],
        [
          0.0,
          -1.0,
          0.0,
          0.0,
          0.0,
          0.0
        ],
        [
          0.0,
          0.0,
          1.0,
          0.0,
          0.0,
          0.0
        ],
        [
          0.0,
          0.0,
          -1.0,
          0.0,
          0.0,
          0.0
        ],
        [
          0.0,
          0.0,
          0.0,
          1.0,
          0.0,
          0.0
        ],
        [
          0.0,
          0.0,
          0.0,
          -1.0,
          0.0,
          0.0
        ],
        [
          0.0,
          0.0,
          0.0,
          0.0,
          1.0,
          0.0
        ],
        [
          0.0,
          0.0,
          0.0,
          0.0,
          -1.0,
          0.0
        ],
        [
          0.0,
          0.0,
          0.0,
          0.0,
          0.0,
          1.0
        ],
        [
          0.0,
          0.0,
          0.0,
          0.0,
          0.0,
          -1.0
        ],
        [
          -0.10117902448008864,
          0.6758392238151563,
          -0.6444397466166133,
          -0.016517632239438185,
          0.1627147853351739,
          -0.30158353402901633
        ]
      ],
      "b_normalized": [
        1.0,
        0.0,
        1.0,
        0.0,
        1.0,
        0.0,
        1.0,
        0.0,
        1.0,
        0.0,
        1.0,
        0.0,
        -0.6296918378870805
      ],
      "iterations": [
        {
          "center": [
            0.8504524012975494,
            0.14954759870245074,
            0.8504524012975493,
            0.8504524012975493,
            0.14954759870245074,
            0.8504524012975493
          ],
          "radius": 0.14954759870245074,
          "num_planes": 13
        },
        {
          "center": [
            0.8504524012975494,
            0.14954759870245074,
            0.8504524012975493,
            0.8504524012975493,
            0.14954759870245074,
            0.8504524012975493
          ],
          "radius": 0.14954759870245074,
          "num_planes": 13
        }
      ],
      "center_joint": [
        4.403925055665524,
        -4.403925055665523,
        4.403925055665524,
        4.403925055665524,
        -4.403925055665523,
        4.403925055665524
      ],
      "A_joint": [
        [
          0.07957728545963841,
          0.0,
          0.0,
          0.0,
          0.0,
          0.0
        ],
        [
          -0.07957728545963841,
          0.0,
          0.0,
          0.0,
          0.0,
          0.0
        ],
        [
          0.0,
          0.07957728545963841,
          0.0,
          0.0,
          0.0,
          0.0
        ],
        [
          0.0,
          -0.07957728545963841,
          0.0,
          0.0,
          0.0,
          0.0
        ],
        [
          0.0,
          0.0,
          0.07957728545963841,
          0.0,
          0.0,
          0.0
        ],
        [
          0.0,
          0.0,
          -0.07957728545963841,
          0.0,
          0.0,
          0.0
        ],
        [
          0.0,
          0.0,
          0.0,
          0.07957728545963841,
          0.0,
          0.0
        ],
        [
          0.0,
          0.0,
          0.0,
          -0.07957728545963841,
          0.0,
          0.0
        ],
        [
          0.0,
          0.0,
          0.0,
          0.0,
          0.07957728545963841,
          0.0
        ],
        [
          0.0,
          0.0,
          0.0,
          0.0,
          -0.07957728545963841,
          0.0
        ],
        [
          0.0,
          0.0,
          0.0,
          0.0,
          0.0,
          0.07957728545963841
        ],
        [
          0.0,
          0.0,
          0.0,
          0.0,
          0.0,
          -0.07957728545963841
        ],
        [
          -0.008051552113579755,
          0.05378145083835914,
          -0.05128276567804728,
          -0.0013144283358350987,
          0.012948400921120916,
          -0.023999198977353604
        ]
      ],
      "b_joint": [
        0.5,
        0.5,
        0.5,
        0.5,
        0.5,
        0.5,
        0.5,
        0.5,
        0.5,
        0.5,
        0.5,
        0.5,
        -0.5171088737796674
      ],
      "region_id": 0,
      "seed_free_index": 57,
      "seed_joint": [
        2.1482628771127183,
        -5.7623836725919775,
        1.747288487775859,
        5.29830802191355,
        2.1376227674656674,
        5.971751337646833
      ],
      "seed_normalized": [
        0.6709529282143429,
        0.0414451495581887,
        0.6390444747720795,
        0.9216249699129067,
        0.6701062171716377,
        0.9752157608898996
      ],
      "seed_clearance": 0.028141121726066337,
      "num_covered_free_samples": 6,
      "newly_covered_free_samples": 6,
      "coverage_ratio_after_region": 0.075
    },
    {
      "center_normalized": [
        0.08835988290354523,
        0.9116401170964548,
        0.9116401170964548,
        0.9116401170964548,
        0.08835988290354524,
        0.8678016595651766
      ],
      "radius_normalized": 0.08835988290354524,