{
  "regions": [
    {
      "region_id": 0,
      "source_clique_indices": [
        30,
        46,
        58,
        63,
        67,
        70,
        71,
        89,
        127,
        129,
        131,
        136,
        138,
        139,
        164,
        192,
        207,
        220,
        222,
        232,
        255
      ],
      "A": [
        [
          1.0,
          0.0,
          0.0,
          0.0,
          0.0,
          0.0
        ],
        [
          -1.0,
          0.0,
          0.0,
          0.0,
          0.0,
          0.0
        ],
        [
          0.0,
          1.0,
          0.0,
          0.0,
          0.0,
          0.0
        ],
        [
          0.0,
          -1.0,
          0.0,
          0.0,
          0.0,
          0.0
        ],
        [
          0.0,
          0.0,
          1.0,
          0.0,
          0.0,
          0.0
        ],
        [
          0.0,
          0.0,
          -1.0,
          0.0,
          0.0,
          0.0
        ],
        [
          0.0,
          0.0,
          0.0,
          1.0,
          0.0,
          0.0
        ],
        [
          0.0,
          0.0,
          0.0,
          -1.0,
          0.0,
          0.0
        ],
        [
          0.0,
          0.0,
          0.0,
          0.0,
          1.0,
          0.0
        ],
        [
          0.0,
          0.0,
          0.0,
          0.0,
          -1.0,
          0.0
        ],
        [
          0.0,
          0.0,
          0.0,
          0.0,
          0.0,
          1.0
        ],
        [
          0.0,
          0.0,
          0.0,
          0.0,
          0.0,
          -1.0
        ]
      ],
      "b": [
        6.2832,
        6.2832,
        6.2832,
        6.2832,
        6.2832,
        6.2832,
        6.2832,
        6.2832,
        6.2832,
        6.2832,
        6.2832,
        6.2832
      ],
      "center": [
        -1.9077944159072506,
        1.4783095894042584,
        -0.11686768225566661,
        4.811548248085181,
        -0.8322186763933233,
        0.15352110716314973
      ],
      "C": [
        [
          -0.06502995096640564,
          0.019917655288630216,
          -0.05593349047056264,
          3.1289790714499346,
          11.196322057465775,
          -2.271464655700755
        ],
        [
          -0.5378409441809254,
          2.836559114883944,
          -3.636084577961293,
          1.147171038814486,
          -0.6304857601066076,
          -0.48628919857946923
        ],
        [
          0.18308013250460559,
          2.7580782172703406,
          3.913714847396722,
          -0.334983168136865,
          0.1011554445421228,
          -0.670828079160356
        ],
        [
          2.8323212922176433,
          0.3343351557909806,
          -0.9066342781333796,
          0.8972398431958155,
          -0.1461892280946994,
          -0.7545485183033673
        ],
        [
          0.10421625962762361,
          0.15646797161671433,
          -0.5810914468593578,
          -9.450820948809122,
          2.4569884338255,
          -6.355521454425885
        ],
        [
          -0.18064291467606783,
          -0.32501946790013153,
          0.2621591901448798,
          3.7341106379413747,
          -2.925508512492171,
          -13.911579812588036
        ]
      ],
      "log_det": 11.73035002272856,
      "iterations": []
    }
  ],
  "coverage": {
    "num_hits": 300,
    "num_samples": 300,
    "ratio": 1.0,
    "confidence_radius": 1.1316065276116665e-07
  }
}