{
  "regions": [
    {
      "region_id": 0,
      "source_clique_indices": [
        15,
        18,
        26,
        35
      ],
      "A": [
        [
          1.0,
          0.0,
          0.0,
          0.0,
          0.0,
          0.0
        ],
        [
          -1.0,
          0.0,
          0.0,
          0.0,
          0.0,
          0.0
        ],
        [
          0.0,
          1.0,
          0.0,
          0.0,
          0.0,
          0.0
        ],
        [
          0.0,
          -1.0,
          0.0,
          0.0,
          0.0,
          0.0
        ],
        [
          0.0,
          0.0,
          1.0,
          0.0,
          0.0,
          0.0
        ],
        [
          0.0,
          0.0,
          -1.0,
          0.0,
          0.0,
          0.0
        ],
        [
          0.0,
          0.0,
          0.0,
          1.0,
          0.0,
          0.0
        ],
        [
          0.0,
          0.0,
          0.0,
          -1.0,
          0.0,
          0.0
        ],
        [
          0.0,
          0.0,
          0.0,
          0.0,
          1.0,
          0.0
        ],
        [
          0.0,
          0.0,
          0.0,
          0.0,
          -1.0,
          0.0
        ],
        [
          0.0,
          0.0,
          0.0,
          0.0,
          0.0,
          1.0
        ],
        [
          0.0,
          0.0,
          0.0,
          0.0,
          0.0,
          -1.0
        ],
        [
          0.05908923249710182,
          0.9680631701129748,
          -0.20122680597261997,
          0.0846632921016065,
          0.07693672550254844,
          -0.07604473072634509
        ],
        [
          -0.17642725692367484,
          -0.06495439925870834,
          0.38134815968312197,
          -0.02674553775554375,
          0.26945862390147834,
          0.8636577194426693
        ]
      ],
      "b": [
        6.2832,
        6.2832,
        6.2832,
        6.2832,
        6.2832,
        6.2832,
        6.2832,
        6.2832,
        6.2832,
        6.2832,
        6.2832,
        6.2832,
        -1.873603049112798,
        7.36978152649438
      ],
      "center": [
        3.4847048562008613e-08,
        -4.109307661758881,
        -1.2877900332582213e-07,
        6.033990705143285e-08,
        6.836323280693337e-08,
        -1.552568344850229e-08
      ],
      "C": [
        [
          6.280820530746583,
          -0.13139997861419045,
          0.09725123371100633,
          -0.03844960884771267,
          -0.03486906903194707,
          0.03445546957317827
        ],
        [
          -0.13139997861419045,
          2.095180430994591,
          0.47403700395500414,
          -0.18922126174065784,
          -0.17165688455958658,
          0.1696261668024531
        ],
        [
          0.09725123371100633,
          0.47403700395500414,
          6.260394797468443,
          0.14018408959029643,
          0.1271283326685685,
          -0.125617748648473
        ],
        [
          -0.03844960884771267,
          -0.18922126174065784,
          0.14018408959029643,
          6.278293454134347,
          -0.05025952993500427,
          0.04966322424802426
        ],
        [
          -0.03486906903194707,
          -0.17165688455958658,
          0.1271283326685685,
          -0.05025952993500427,
          6.279136289178862,
          0.04503973639217881
        ],
        [
          0.03445546957317827,
          0.1696261668024531,
          -0.125617748648473,
          0.04966322424802426,
          0.04503973639217881,
          6.279126135877466
        ]
      ],
      "log_det": 9.893937040355887,
      "iterations": [
        {
          "iteration": 0,
          "center": [
            0.8417309414375026,
            -4.388619377149246,
            -0.15413084618345071,
            3.1934904244942723,
            0.9073778352074192,
            1.3351252794071387e-06
          ],
          "log_det": 8.20216541452026,
          "num_planes": 16,
          "plane_reports": [
            {
              "normal": [
                -0.19695584275865027,
                0.5386926049193335,
                0.18618766580661672,
                -0.5903109802667202,
                -0.42975770215586834,
                0.3212383702551551
              ],
              "offset": -2.919613759213905,
              "active_pair": [
                6,
                10
              ],
              "clearance": 0.0004855621008071409,
              "q_free": [
                -0.13933713915813328,
                -2.814327372118023,
                0.1765395884461312,
                2.46549405003727,
                -0.27116973220246604,
                -0.38911368210647634
              ]
            },
            {
              "normal": [
                0.0,
                0.6764471004251137,
                0.41535578945617135,
                0.5788648565913531,
                0.1540958824092003,
                -0.10520848501760134
              ],
              "offset": 1.9048706571376737,
              "active_pair": [
                2,
                5
              ],
              "clearance": 6.938145914703249e-06,
              "q_free": [
                0.33538211260873396,
                -2.5508478202998877,
                0.6868094923655927,
                5.224879061609002,
                1.1204671407899334,
                -1.4063098465584887
              ]
            },
            {
              "normal": [
                0.6625527768923207,
                0.3942910534521712,
                -0.37889411270044293,
                -0.29826873087109734,
                0.14459362777296336,
                -0.3900334361984811
              ],
              "offset": 2.2242360851512673,
              "active_pair": [
                2,
                5
              ],
              "clearance": 0.0001674039307150177,
              "q_free": [
                3.0624030025279962,
                -2.489854415782812,
                -1.8317269807250822,
                2.6606571323465973,
                1.3598050623703728,
                -2.7687392982884016
              ]
            },
            {
              "normal": [
                -0.5007175005510582,
                0.20324945759526997,
                -0.256435463878446,
                -0.24289356108410187,
                0.7603194658891538,
                0.07162069022629881
              ],
              "offset": 3.1558874256225486,
              "active_pair": [
                5,
                10
              ],
              "clearance": 0.0002848847306348809,
              "q_free": [
                -1.9360213085643143,
                -3.190728858868231,
                -1.4354928029754455,
                2.786472973942954,
                4.213702906351895,
                -0.8384962141482473
              ]
            }
          ]
        },
        {
          "iteration": 1,
          "center": [
            3.4847048562008613e-08,
            -4.109307661758881,
            -1.2877900332582213e-07,
            6.033990705143285e-08,
            6.836323280693337e-08,
            -1.552568344850229e-08
          ],
          "log_det": 9.893937040355887,
          "num_planes": 14,
          "plane_reports": [
            {
              "normal": [
                0.059089232497101817,
                0.9680631701129747,
                -0.20122680597261994,
                0.08466329210160649,
                0.07693672550254843,
                -0.07604473072634507
              ],
              "offset": -1.8736030491127977,
              "active_pair": [
                2,
                5
              ],
              "clearance": 0.0005668694425881251,