{
  "sample_stats": {
    "num_free_samples": 36,
    "cache_path": "artifacts/sdf_exp/vcc_iris_smoke_samples_dense.json"
  },
  "visibility_stats": {
    "num_vertices": 36,
    "num_candidate_pairs": 630,
    "num_visible_edges": 47
  },
  "clique_stats": {
    "num_cliques": 3,
    "clique_sizes": [
      4,
      4,
      4
    ]
  },
  "coverage": {
    "num_hits": 18,
    "num_samples": 36,
    "ratio": 0.5,
    "confidence_radius": 0.16333333333333333
  },
  "curve_report": {
    "curve": [
      [
        0.825713668618976,
        -4.022988714266078,
        -0.050194433695673675,
        -3.5405268616439707,
        0.6396816137237322,
        -3.2110694104318163
      ],
      [
        0.992346532727278,
        -3.961128157040525,
        0.25221246462420177,
        -2.7470233331399068,
        0.6217770570489872,
        -2.91149426754228
      ],
      [
        1.094368111745946,
        -3.89506242025162,
        0.47001857409336517,
        -2.0789203825471825,
        0.5639181866083685,
        -2.6411788845430118
      ],
      [
        1.1372961111753992,
        -3.826268284849398,
        0.6105672032402721,
        -1.52804810812832,
        0.4692962394086554,
        -2.39698861193833
      ],
      [
        1.1266482365160586,
        -3.756222531783897,
        0.6812016605933783,
        -1.0862366081458419,
        0.3411024524566285,
        -2.1757888002325556
      ],
      [
        1.0679421932683435,
        -3.6864019420051477,
        0.6892652546811385,
        -0.7453159808622697,
        0.18252806275906627,
        -1.9744447999300048
      ],
      [
        0.9666956869326729,
        -3.6182832964631846,
        0.6421012940320086,
        -0.49711632454012533,
        -0.003235692677251628,
        -1.7898219615349955
      ],
      [
        0.8284264230094678,
        -3.5533433761080437,
        0.5470530871744439,
        -0.333467737441931,
        -0.21299757684554527,
        -1.6187856355518477
      ],
      [
        0.658652106999148,
        -3.4930589618897603,
        0.41146394263689995,
        -0.24620031783020865,
        -0.4435663527390354,
        -1.4582011724848793
      ],
      [
        0.4628904444021328,
        -3.4389068347583684,
        0.2426771689478326,
        -0.22714416396748002,
        -0.6917507833509426,
        -1.3049339228384094
      ],
      [
        0.24665914071884187,
        -3.3923637756638994,
        0.04803607463569637,
        -0.2681293741162673,
        -0.9543596316744878,
        -1.155849237116755
      ],
      [
        0.015475901449695406,
        -3.3549065655563917,
        -0.16511603177105277,
        -0.3609860465390926,
        -1.228201660702891,
        -1.0078124658242358
      ],
      [
        -0.2251415679048861,
        -3.3280119853858783,
        -0.3894358417439588,
        -0.49754427949847757,
        -1.510085633429372,
        -0.8576889594651702
      ],
      [
        -0.46967556184448334,
        -3.3131568161023934,
        -0.6175800467545667,
        -0.6696341712569439,
        -1.796820312847152,
        -0.7023440685438764
      ],
      [
        -0.7126083748686772,
        -3.3118178386559727,
        -0.8422053382744221,
        -0.8690858200770148,
        -2.0852144619494526,
        -0.5386431435646726
      ],
      [
        -0.9484223014770473,
        -3.3254718339966494,
        -1.0559684077750682,
        -1.0877293242212114,
        -2.372076843729493,
        -0.36345153503187755
      ],
      [
        -1.171599636169173,
        -3.3555955830744586,
        -1.2515259467280495,
        -1.317394781952055,
        -2.6542162211804925,
        -0.17363459344981003
      ],
      [
        -1.3766226734446354,
        -3.4036658668394346,
        -1.4215346466049112,
        -1.5499122915320687,
        -2.9284413572956747,
        0.03394233067721164
      ],
      [
        -1.5579737078030143,
        -3.471159466241612,
        -1.5586511988771976,
        -1.7771119512237743,
        -3.191561015068258,
        0.26241388684486955
      ],
      [
        -1.7101350337438903,
        -3.559553162231026,
        -1.6555322950164537,
        -1.9908238592896936,
        -3.4403839574914636,
        0.5149147245488448
      ]
    ],
    "steps": [
      {
        "step": 1,
        "min_clearance": 0.021937675027480532,
        "is_collision": false,
        "active_pair": [
          3,
          5
        ]
      },
      {
        "step": 2,
        "min_clearance": 0.022058393177442077,
        "is_collision": false,
        "active_pair": [
          3,
          5
        ]
      },
      {
        "step": 3,
        "min_clearance": 0.02184343964185354,
        "is_collision": false,
        "active_pair": [
          3,
          5
        ]
      },
      {
        "step": 4,
        "min_clearance": 0.02191313535241494,
        "is_collision": false,
        "active_pair": [
          3,
          5
        ]
      },
      {
        "step": 5,
        "min_clearance": 0.022041534236557234,
        "is_collision": false,
        "active_pair": [
          3,
          5
        ]
      },
      {
        "step": 6,
        "min_clearance": 0.021831851800674384,
        "is_collision": false,
        "active_pair": [
          3,
          5
        ]
      },
      {
        "step": 7,
        "min_clearance": 0.021941726813333114,
        "is_collision": false,
        "active_pair": [
          3,
          5
        ]
      },
      {
        "step": 8,
        "min_clearance": 0.021998084457106593,
        "is_collision": false,
        "active_pair": [
          3,
          5
        ]
      },
      {
        "step": 9,
        "min_clearance": 0.02183665230188123,
        "is_collision": false,
        "active_pair": [
          3,
          5
        ]
      },
      {
        "step": 10,
        "min_clearance": 0.021889408399361498,
        "is_collision": false,
        "active_pair": [
          3,
          5
        ]
      },
      {
        "step": 11,
        "min_clearance": 0.022071317862679986,
        "is_collision": false,
        "active_pair": [
          3,
          5
        ]
      },
      {
        "step": 12,
        "min_clearance": 0.02197949777090852,
        "is_collision": false,
        "active_pair": [
          3,
          5
        ]
      },
      {
        "step": 13,
        "min_clearance": 0.02188662563223003,
        "is_collision": false,
        "active_pair": [
          3,
          5
        ]
      },
      {
        "step": 14,
        "min_clearance": 0.021852699838658684,
        "is_collision": false,
        "active_pair": [
          3,
          5
        ]
      },
      {
        "step": 15,
        "min_clearance": 0.02186933853157828,
        "is_collision": false,
        "active_pair": [
          3,
          5
        ]
      },
      {
        "step": 16,
        "min_clearance": 0.021864826254706562,
        "is_collision": false,
        "active_pair": [
          3,
          5
        ]
      },
      {
        "step": 17,
        "min_clearance": 0.021981232933670953,
        "is_collision": false,
        "active_pair": [
          3,
          5
        ]
      },
      {
        "step": 18,
        "min_clearance": 0.022047559390475827,
        "is_collision": false,
        "active_pair": [
          3,
          5
        ]
      },
      {
        "step": 19,
        "min_clearance": 0.021833957418922474,
        "is_collision": false,
        "active_pair": [
          3,
          5
        ]
      },
      {
        "step": 20,
        "min_clearance": 0.022040781878495938,
        "is_collision": false,
        "active_pair": [
          3,
          5
        ]
      }
    ],
    "min_clearance": 0.021831851800674384,
    "worst_pair": [
      3,
      5
    ],
    "any_collision": false
  },
  "regions": [
    {
      "region_id": 0,