{
  "regions": [
    {
      "region_id": 0,
      "source_clique_indices": [
        12,
        14,
        46,
        54,
        66
      ],
      "A": [
        [
          1.0,
          0.0,
          0.0,
          0.0,
          0.0,
          0.0
        ],
        [
          -1.0,
          0.0,
          0.0,
          0.0,
          0.0,
          0.0
        ],
        [
          0.0,
          1.0,
          0.0,
          0.0,
          0.0,
          0.0
        ],
        [
          0.0,
          -1.0,
          0.0,
          0.0,
          0.0,
          0.0
        ],
        [
          0.0,
          0.0,
          1.0,
          0.0,
          0.0,
          0.0
        ],
        [
          0.0,
          0.0,
          -1.0,
          0.0,
          0.0,
          0.0
        ],
        [
          0.0,
          0.0,
          0.0,
          1.0,
          0.0,
          0.0
        ],
        [
          0.0,
          0.0,
          0.0,
          -1.0,
          0.0,
          0.0
        ],
        [
          0.0,
          0.0,
          0.0,
          0.0,
          1.0,
          0.0
        ],
        [
          0.0,
          0.0,
          0.0,
          0.0,
          -1.0,
          0.0
        ],
        [
          0.0,
          0.0,
          0.0,
          0.0,
          0.0,
          1.0
        ],
        [
          0.0,
          0.0,
          0.0,
          0.0,
          0.0,
          -1.0
        ],
        [
          0.04059139001391467,
          0.5605069720771156,
          -0.3313883989675234,
          -0.4663043501436645,
          -0.5973174550765076,
          0.01175215884178378
        ],
        [
          -0.5084104535229972,
          0.20872015384027,
          -0.3100163026497434,
          -0.08932861438763987,
          0.38996181802161706,
          -0.6646764471212117
        ],
        [
          0.5084104669221079,
          -0.20872011026222256,
          0.3100162340954479,
          0.089328582096874,
          -0.3899618519310267,
          0.664676466976628
        ],
        [
          -0.5084104709474538,
          0.2087200987038381,
          -0.31001626203644933,
          -0.08932859350955215,
          0.38996183060156187,
          -0.6646764654751061
        ],
        [
          0.27442163041633305,
          0.5275773762124414,
          -0.4091323424969877,
          0.5779391448289448,
          0.2942740835878706,
          0.24156720761368297
        ],
        [
          0.27442163057648744,
          0.5275773703612162,
          -0.409132345153956,
          0.5779391488167404,
          0.2942740814297985,
          0.24156720879900084
        ],
        [
          0.27442163157816846,
          0.527577386493954,
          -0.40913233879451366,
          0.5779391410514435,
          0.29427407669991046,
          0.24156720753829844
        ],
        [
          0.04059139001391467,
          0.5605069720771156,
          -0.3313883989675236,
          -0.4663043501436645,
          -0.5973174550765075,
          0.011752158841783785
        ],
        [
          -0.5084104530723708,
          0.20872012070260362,
          -0.3100163527437217,
          -0.08932862352228539,
          0.3899618041916941,
          -0.6646764413933223
        ]
      ],
      "b": [
        6.2832,
        6.2832,
        6.2832,
        6.2832,
        6.2832,
        6.2832,
        6.2832,
        6.2832,
        6.2832,
        6.2832,
        6.2832,
        6.2832,
        9.869588617906842,
        10.407655964569386,
        7.931250178187669,
        10.376752039155404,
        7.984541175625185,
        7.870505879178308,
        5.155445203544064,
        6.399066261244657,
        10.28886403620977
      ],
      "center": [
        1.2949923237079255e-07,
        1.0562159950965129e-07,
        1.3257567211320749e-08,
        -2.9512349488508054e-07,
        -4.5658141847004954e-07,
        1.7063201743399414e-07
      ],
      "C": [
        [
          6.27178349086268,
          -0.21658931430941392,
          0.15803201337532452,
          -0.22974221563038055,
          -0.10444068156523309,
          -0.08805243938356368
        ],
        [
          -0.21658931430941392,
          6.24979421016639,
          0.37390379588440803,
          -0.41980678962513923,
          -0.14486685034832109,
          -0.18636221494087085
        ],
        [
          0.15803201337532452,
          0.37390379588440803,
          6.259184850101419,
          0.32093017145541247,
          0.12156145068099798,
          0.1365593148379781
        ],
        [
          -0.22974221563038055,
          -0.41980678962513923,
          0.32093017145541247,
          6.244639545417322,
          -0.33075070512352933,
          -0.204112708545453
        ],
        [
          -0.10444068156523309,
          -0.14486685034832109,
          0.12156145068099798,
          -0.33075070512352933,
          6.270050478320971,
          -0.0948588335359064
        ],
        [
          -0.08805243938356368,
          -0.18636221494087085,
          0.1365593148379781,
          -0.204112708545453,
          -0.0948588335359064,
          6.274297049453007
        ]
      ],
      "log_det": 10.983921937385547,
      "iterations": [
        {
          "iteration": 0,
          "center": [
            1.2949923115296171e-07,
            1.0562158111620526e-07,
            1.325758780700033e-08,
            -2.951235255844652e-07,
            -4.565814402294691e-07,
            1.7063200362300255e-07
          ],
          "log_det": 10.983921937385528,
          "num_planes": 21,
          "pair_order": [
            [
              3,
              5
            ],
            [
              6,
              8
            ],
            [
              7,
              9
            ],
            [
              8,
              10
            ],
            [
              2,
              4
            ],
            [
              6,
              9
            ],
            [
              2,
              5
            ],
            [
              6,
              10
            ],
            [
              7,
              10
            ],
            [
              5,
              7
            ],
            [
              4,
              6
            ],
            [
              5,
              8
            ],
            [
              5,
              9
            ],
            [
              5,
              10
            ],
            [
              3,
              6
            ],
            [
              2,
              6
            ],
            [
              4,
              7
            ],
            [
              4,
              8
            ],
            [
              4,
              9
            ],
            [
              3,
              7
            ],
            [
              4,
              10
            ],
            [
              2,
              7
            ],
            [
              3,
              8
            ],
            [
              2,
              8
            ],
            [
              3,
              9
            ],
            [
              3,
              10
            ],
            [
              2,
              9
            ],
            [
              2,
              10
            ]
          ],
          "plane_reports": [
            {
              "pair": [
                6,
                9
              ],
              "normal": [
                0.040591390013914666,
                0.5605069720771155,
                -0.33138839896752337,
                -0.4663043501436644,
                -0.5973174550765075,
                0.011752158841783777
              ],
              "offset": 9.86958861790684,
              "active_pair": [
                6,
                9
              ],