{
  "link_name": "link07",
  "mesh_path": "C:\\Users\\12049\\OneDrive\\Desktop\\科研相关\\博一春季\\免示教焊接轨迹规划\\相关资料\\CBF_grad_optim_on_trajPlanning\\DifferentiableOptimizationCBF-main\\assets\\robots\\9_axis\\meshes\\link07.STL",
  "n_near_surface": 250000,
  "n_uniform": 50000,
  "epochs": 3000,
  "final_loss": 0.0038071665912866592,
  "training_seconds": 92.71456027030945,
  "center": [
    -9.390994935999477e-19,
    -0.005500009283423424,
    0.0016576647758483887
  ],
  "scale": 0.06249999441206455,
  "aabb_min": [
    -0.9733813405036926,
    -1.2999999523162842,
    -1.0014773607254028
  ],
  "aabb_max": [
    0.9733813405036926,
    1.2999999523162842,
    1.0014773607254028
  ],
  "n_vertices": 2462,
  "n_faces": 4928,
  "n_train_points": 300000,
  "is_watertight": false
}